Workbook

Sheet PLAYGROUP
F2: 1ST TERM | I2: 2ND TERM | N2: 3RD TERM | S2: TOTAL | T2: BALANCE | U2: EXPECTED
A3: NAME OF LEARNER | B3: ADM | C3: D/B | D3: B/F | E3: FEES | F3: COLLECTED | G3: BALANCE | H3: EXPECTED | I3: B/F | J3: FEES | K3: COLLECTED | L3: BALANCE | M3: EXPECTED | N3: B/F | O3: FEES | P3: TOTAL | Q3: BALANCE | R3: EXPECTED
A4: IVY JEPKOECH | B4: 0330 | C4: D | D4: 0 | E4: 12600 | F4: =E4 -> 12600 | G4: =H4+D4-F4 -> -3100 | H4: 9500 | I4: =G4 -> -3100 | K4: =J4 -> 0 | L4: =M4+I4-K4 -> 900 | M4: 4000 | N4: =L4 -> 900 | P4: =O4 -> 0 | Q4: =R4+N4-P4 -> 2900 | R4: 2000
A5: BREVINE KIBIWOTT | B5: 0333 | C5: D | D5: 0 | E5: 2000 | F5: =E5 -> 2000 | G5: =H5+D5-F5 -> 7500 | H5: 9500 | I5: =G5 -> 7500 | J5: 7000 | K5: =J5 -> 7000 | L5: =M5+I5-K5 -> 4500 | M5: 4000 | N5: =L5 -> 4500 | O5: 5500 | P5: =O5 -> 5500 | Q5: =R5+N5-P5 -> 1000 | R5: 2000
A6: BRIAN KIPKEMBOI | B6: 0348 | C6: D | D6: 0 | E6: 2000 | F6: =E6 -> 2000 | G6: =H6+D6-F6 -> 7500 | H6: 9500 | I6: =G6 -> 7500 | J6: 13500 | K6: =J6 -> 13500 | L6: =M6+I6-K6 -> -2000 | M6: 4000 | N6: =L6 -> -2000 | P6: =O6 -> 0 | Q6: =R6+N6-P6 -> 0 | R6: 2000
A7: DORCAS CHERUTO | B7: 0352 | C7: D | D7: 0 | E7: 9500 | F7: =E7 -> 9500 | G7: =H7+D7-F7 -> 0 | H7: 9500 | I7: =G7 -> 0 | J7: 4000 | K7: =J7 -> 4000 | L7: =M7+I7-K7 -> 0 | M7: 4000 | N7: =L7 -> 0 | O7: 2000 | P7: =O7 -> 2000 | Q7: =R7+N7-P7 -> 0 | R7: 2000
A8: LEYLA JERONO | B8: 0363 | C8: D | D8: 0 | E8: 9500 | F8: =E8 -> 9500 | G8: =H8+D8-F8 -> 0 | H8: 9500 | I8: =G8 -> 0 | J8: 4000 | K8: =J8 -> 4000 | L8: =M8+I8-K8 -> 0 | M8: 4000 | N8: =L8 -> 0 | P8: =O8 -> 0 | Q8: =R8+N8-P8 -> 2000 | R8: 2000
A9: NELVIN KIGEN | B9: 0364 | C9: D | D9: 0 | E9: 15500 | F9: =E9 -> 15500 | G9: =H9+D9-F9 -> -6000 | H9: 9500 | I9: =G9 -> -6000 | K9: =J9 -> 0 | L9: =M9+I9-K9 -> -2000 | M9: 4000 | N9: =L9 -> -2000 | P9: =O9 -> 0 | Q9: =R9+N9-P9 -> 0 | R9: 2000
A10: ALINA SARA | B10: 0377 | C10: D | D10: 0 | E10: 9500 | F10: =E10 -> 9500 | G10: =H10+D10-F10 -> 0 | H10: 9500 | I10: =G10 -> 0 | K10: =J10 -> 0 | L10: =M10+I10-K10 -> 4000 | M10: 4000 | N10: =L10 -> 4000 | P10: =O10 -> 0 | Q10: =R10+N10-P10 -> 4000 | R10: 0
A11: GIFT JEMUTAI | B11: 0387 | C11: D | D11: 0 | E11: 3500 | F11: =E11 -> 3500 | G11: =H11+D11-F11 -> 6000 | H11: 9500 | I11: =G11 -> 6000 | J11: 7000 | K11: =J11 -> 7000 | L11: =M11+I11-K11 -> 3000 | M11: 4000 | N11: =L11 -> 3000 | P11: =O11 -> 0 | Q11: =R11+N11-P11 -> 5000 | R11: 2000
A12: JOY JELAGAT | B12: 0390 | C12: D | D12: 0 | E12: 9500 | F12: =E12 -> 9500 | G12: =H12+D12-F12 -> 0 | H12: 9500 | I12: =G12 -> 0 | J12: 6000 | K12: =J12 -> 6000 | L12: =M12+I12-K12 -> -2000 | M12: 4000 | N12: =L12 -> -2000 | P12: =O12 -> 0 | Q12: =R12+N12-P12 -> 0 | R12: 2000
A13: NATHANIEL KIBET | B13: 0409 | C13: D | D13: 0 | E13: 9500 | F13: =E13 -> 9500 | G13: =H13+D13-F13 -> 0 | H13: 9500 | I13: =G13 -> 0 | J13: 4000 | K13: =J13 -> 4000 | L13: =M13+I13-K13 -> 0 | M13: 4000 | N13: =L13 -> 0 | P13: =O13 -> 0 | Q13: =R13+N13-P13 -> 2000 | R13: 2000
A14: NISHA KIMBERLY | B14: 0319 | C14: D | D14: 0 | E14: 9500 | F14: =E14 -> 9500 | G14: =H14+D14-F14 -> 0 | H14: 9500 | I14: =G14 -> 0 | J14: 4000 | K14: =J14 -> 4000 | L14: =M14+I14-K14 -> 0 | M14: 4000 | N14: =L14 -> 0 | O14: 1000 | P14: =O14 -> 1000 | Q14: =R14+N14-P14 -> 1000 | R14: 2000
A15: LIAM KIPROP | B15: 0445 | C15: D | D15: 0 | E15: 5000 | F15: =E15 -> 5000 | G15: =H15+D15-F15 -> 1650 | H15: 6650 | I15: =G15 -> 1650 | J15: 3650 | K15: =J15 -> 3650 | L15: =M15+I15-K15 -> 800 | M15: 2800 | N15: =L15 -> 800 | O15: 1000 | P15: =O15 -> 1000 | Q15: =R15+N15-P15 -> 1200 | R15: 1400
A16: GLEN KIMUTAI | B16: 0446 | C16: D | D16: 0 | E16: 2000 | F16: =E16 -> 2000 | G16: =H16+D16-F16 -> 4650 | H16: 6650 | I16: =G16 -> 4650 | J16: 4000 | K16: =J16 -> 4000 | L16: =M16+I16-K16 -> 3450 | M16: 2800 | N16: =L16 -> 3450 | P16: =O16 -> 0 | Q16: =R16+N16-P16 -> 5450 | R16: 2000
A17: LIAM KIPKEMBOI | B17: 0447 | C17: D | D17: 0 | E17: 2000 | F17: =E17 -> 2000 | G17: =H17+D17-F17 -> 7500 | H17: 9500 | I17: =G17 -> 7500 | K17: =J17 -> 0 | L17: =M17+I17-K17 -> 11500 | M17: 4000 | N17: =L17 -> 11500 | P17: =O17 -> 0 | Q17: =R17+N17-P17 -> 13500 | R17: 2000
A18: SHAM BETT | B18: 0448 | C18: D | D18: 0 | E18: 2000 | F18: =E18 -> 2000 | G18: =H18+D18-F18 -> 4650 | H18: 6650 | I18: =G18 -> 4650 | J18: 3000 | K18: =J18 -> 3000 | L18: =M18+I18-K18 -> 4450 | M18: 2800 | N18: =L18 -> 4450 | P18: =O18 -> 0 | Q18: =R18+N18-P18 -> 6450 | R18: 2000
A19: JADDAH JEPCHUMBA | B19: 0376 | C19: D | D19: 0 | E19: 6000 | F19: =E19 -> 6000 | G19: =H19+D19-F19 -> 650 | H19: 6650 | I19: =G19 -> 650 | J19: 650 | K19: =J19 -> 650 | L19: =M19+I19-K19 -> 2800 | M19: 2800 | N19: =L19 -> 2800 | P19: =O19 -> 0 | Q19: =R19+N19-P19 -> 4800 | R19: 2000
A20: BRAVIN MELI | B20: 0312 | C20: D | D20: 0 | E20: 6000 | F20: =E20 -> 6000 | G20: =H20+D20-F20 -> 3500 | H20: 9500 | I20: =G20 -> 3500 | J20: =3000+1000 -> 4000 | K20: =J20 -> 4000 | L20: =M20+I20-K20 -> 3500 | M20: 4000 | N20: =L20 -> 3500 | P20: =O20 -> 0 | Q20: =R20+N20-P20 -> 5500 | R20: 2000
A21: SHANNICE JERUTO | B21: 0442 | C21: D | D21: 0 | E21: 12600 | F21: =E21 -> 12600 | G21: =H21+D21-F21 -> -3100 | H21: 9500 | I21: =G21 -> -3100 | J21: 900 | K21: =J21 -> 900 | L21: =M21+I21-K21 -> 0 | M21: 4000 | N21: =L21 -> 0 | P21: =O21 -> 0 | Q21: =R21+N21-P21 -> 2000 | R21: 2000
A22: MALIA CHEPCHIRCHIR | B22: 0453 | C22: D | D22: 0 | E22: 6650 | F22: =E22 -> 6650 | G22: =H22+D22-F22 -> 2850 | H22: 9500 | I22: =G22 -> 2850 | J22: 6850 | K22: =J22 -> 6850 | L22: =M22+I22-K22 -> 0 | M22: 4000 | N22: =L22 -> 0 | O22: 2000 | P22: =O22 -> 2000 | Q22: =R22+N22-P22 -> 0 | R22: 2000
A23: EILA JEMUTAI | B23: 0459 | C23: D | D23: 0 | F23: =E23 -> 0 | G23: =H23+D23-F23 -> 0 | H23: 0 | I23: =G23 -> 0 | J23: 4000 | K23: =J23 -> 4000 | L23: =M23+I23-K23 -> 0 | M23: 4000 | N23: =L23 -> 0 | O23: 1000 | P23: =O23 -> 1000 | Q23: =R23+N23-P23 -> 1000 | R23: 2000
A24: ADRIEL KIPCHUMBA | B24: 0468 | C24: D | D24: 0 | F24: =E24 -> 0 | G24: =H24+D24-F24 -> 0 | H24: 0 | I24: =G24 -> 0 | J24: =2150+1350 -> 3500 | K24: =J24 -> 3500 | L24: =M24+I24-K24 -> 500 | M24: 4000 | N24: =L24 -> 500 | P24: =O24 -> 0 | Q24: =R24+N24-P24 -> 2500 | R24: 2000
A25: JILL SOGOMO | B25: 0471 | C25: D | D25: 0 | F25: =E25 -> 0 | G25: =H25+D25-F25 -> 0 | H25: 0 | I25: =G25 -> 0 | J25: 5750 | K25: =J25 -> 5750 | L25: =M25+I25-K25 -> -1750 | M25: 4000 | N25: =L25 -> -1750 | P25: =O25 -> 0 | Q25: =R25+N25-P25 -> 250 | R25: 2000
A26: LATIFFAH JELIMO | B26: 0485 | C26: D | D26: 0 | F26: =E26 -> 0 | G26: =H26+D26-F26 -> 0 | H26: 0 | I26: =G26 -> 0 | J26: 4000 | K26: =J26 -> 4000 | L26: =M26+I26-K26 -> 0 | M26: 4000 | N26: =L26 -> 0 | O26: 2000 | P26: =O26 -> 2000 | Q26: =R26+N26-P26 -> 0 | R26: 2000
A27: NIALL KIPKOGEI | B27: 0478 | C27: D | D27: 0 | F27: =E27 -> 0 | G27: =H27+D27-F27 -> 0 | H27: 0 | I27: =G27 -> 0 | J27: 4000 | K27: =J27 -> 4000 | L27: =M27+I27-K27 -> 0 | M27: 4000 | N27: =L27 -> 0 | P27: =O27 -> 0 | Q27: =R27+N27-P27 -> 2000 | R27: 2000
A28: BELLA CHEMUTAI | B28: 0486 | C28: D | D28: 0 | F28: =E28 -> 0 | G28: =H28+D28-F28 -> 0 | H28: 0 | I28: =G28 -> 0 | J28: =3150+850 -> 4000 | K28: =J28 -> 4000 | L28: =M28+I28-K28 -> 0 | M28: 4000 | N28: =L28 -> 0 | P28: =O28 -> 0 | Q28: =R28+N28-P28 -> 2000 | R28: 2000
A29: FELIX KIPTOO ROP | B29: 0487 | C29: D | D29: 0 | F29: =E29 -> 0 | G29: =H29+D29-F29 -> 0 | H29: 0 | I29: =G29 -> 0 | J29: 4000 | K29: =J29 -> 4000 | L29: =M29+I29-K29 -> 0 | M29: 4000 | N29: =L29 -> 0 | O29: 2000 | P29: =O29 -> 2000 | Q29: =R29+N29-P29 -> 0 | R29: 2000
A30: EVANA CHEBET | B30: 0492 | C30: D | D30: 0 | F30: =E30 -> 0 | G30: =H30+D30-F30 -> 0 | H30: 0 | I30: =G30 -> 0 | J30: 4000 | K30: =J30 -> 4000 | L30: =M30+I30-K30 -> 0 | M30: 4000 | N30: =L30 -> 0 | P30: =O30 -> 0 | Q30: =R30+N30-P30 -> 2000 | R30: 2000
A31: ANGIE JEBIWOT | B31: 0494 | C31: D | D31: 0 | F31: =E31 -> 0 | G31: =H31+D31-F31 -> 0 | H31: 0 | I31: =G31 -> 0 | J31: 4000 | K31: =J31 -> 4000 | L31: =M31+I31-K31 -> 0 | M31: 4000 | N31: =L31 -> 0 | P31: =O31 -> 0 | Q31: =R31+N31-P31 -> 2000 | R31: 2000
A32: ELLENA JEMUTAI YATOR | B32: 0487 | C32: D | D32: 0 | F32: =E32 -> 0 | G32: =H32+D32-F32 -> 0 | H32: 0 | I32: =G32 -> 0 | J32: 4000 | K32: =J32 -> 4000 | L32: =M32+I32-K32 -> 0 | M32: 4000 | N32: =L32 -> 0 | P32: =O32 -> 0 | Q32: =R32+N32-P32 -> 2000 | R32: 2000
A33: AYLAKNIGHT JERUTO | B33: 0495 | C33: D | D33: 0 | F33: =E33 -> 0 | G33: =H33+D33-F33 -> 0 | H33: 0 | I33: =G33 -> 0 | J33: 3300 | K33: =J33 -> 3300 | L33: =M33+I33-K33 -> 700 | M33: 4000 | N33: =L33 -> 700 | P33: =O33 -> 0 | Q33: =R33+N33-P33 -> 2700 | R33: 2000
A34: ETHAN MATETE | B34: 0496 | C34: D | D34: 0 | F34: =E34 -> 0 | G34: =H34+D34-F34 -> 0 | H34: 0 | I34: =G34 -> 0 | K34: =J34 -> 0 | L34: =M34+I34-K34 -> 2800 | M34: 2800 | N34: =L34 -> 2800 | P34: =O34 -> 0 | Q34: =R34+N34-P34 -> 4800 | R34: 2000
A35: REAGAN KIGEN | B35: 0462 | C35: D | D35: 0 | F35: =E35 -> 0 | G35: =H35+D35-F35 -> 0 | H35: 0 | I35: =G35 -> 0 | J35: 4000 | K35: =J35 -> 4000 | L35: =M35+I35-K35 -> 0 | M35: 4000 | N35: =L35 -> 0 | O35: 2000 | P35: =O35 -> 2000 | Q35: =R35+N35-P35 -> 0 | R35: 2000
A36: ZION KIPROP | B36: 0488 | C36: D | D36: 0 | F36: =E36 -> 0 | G36: =H36+D36-F36 -> 0 | H36: 0 | I36: =G36 -> 0 | J36: 1500 | K36: =J36 -> 1500 | L36: =M36+I36-K36 -> 2500 | M36: 4000 | N36: =L36 -> 2500 | O36: 2500 | P36: =O36 -> 2500 | Q36: =R36+N36-P36 -> 2000 | R36: 2000
A37: ZARIA CHELIMO | B37: 0489 | C37: D | D37: 0 | F37: =E37 -> 0 | G37: =H37+D37-F37 -> 0 | H37: 0 | I37: =G37 -> 0 | J37: 1500 | K37: =J37 -> 1500 | L37: =M37+I37-K37 -> 2500 | M37: 4000 | N37: =L37 -> 2500 | O37: 2500 | P37: =O37 -> 2500 | Q37: =R37+N37-P37 -> 2000 | R37: 2000
A38: KYLAH CHEPCHUMBA | B38: 0497 | C38: D | D38: 0 | F38: =E38 -> 0 | G38: =H38+D38-F38 -> 0 | H38: 0 | I38: =G38 -> 0 | J38: 4500 | K38: =J38 -> 4500 | L38: =M38+I38-K38 -> -1700 | M38: 2800 | N38: =L38 -> -1700 | P38: =O38 -> 0 | Q38: =R38+N38-P38 -> -300 | R38: 1400
A39: FABIAN KIMUTAI | B39: 0500 | C39: D | D39: 0 | F39: =E39 -> 0 | G39: =H39+D39-F39 -> 0 | H39: 0 | I39: =G39 -> 0 | J39: 0 | K39: =J39 -> 0 | L39: =M39+I39-K39 -> 2000 | M39: 2000 | N39: =L39 -> 2000 | P39: =O39 -> 0 | Q39: =R39+N39-P39 -> 4000 | R39: 2000
A40: BLESSING CHEPCHUMBA | B40: 0502 | C40: D | D40: 0 | F40: =E40 -> 0 | G40: =H40+D40-F40 -> 0 | H40: 0 | I40: =G40 -> 0 | J40: 0 | K40: =J40 -> 0 | L40: =M40+I40-K40 -> 0 | M40: 0 | N40: =L40 -> 0 | P40: =O40 -> 0 | Q40: =R40+N40-P40 -> 2000 | R40: 2000
A41: ASHER KIMUTAI | B41: 0508 | C41: D | D41: 0 | F41: =E41 -> 0 | G41: =H41+D41-F41 -> 0 | H41: 0 | I41: =G41 -> 0 | J41: 0 | K41: =J41 -> 0 | L41: =M41+I41-K41 -> 0 | M41: 0 | N41: =L41 -> 0 | O41: 2000 | P41: =O41 -> 2000 | Q41: =R41+N41-P41 -> 0 | R41: 2000
A42: DEANVER KIMUTAI KIPLAGAT | B42: 0509 | C42: D | D42: 0 | F42: =E42 -> 0 | G42: =H42+D42-F42 -> 0 | H42: 0 | I42: =G42 -> 0 | J42: 0 | K42: =J42 -> 0 | L42: =M42+I42-K42 -> 0 | M42: 0 | N42: =L42 -> 0 | O42: 2000 | P42: =O42 -> 2000 | Q42: =R42+N42-P42 -> 0 | R42: 2000
A43: NATHAN BARAKA | B43: 0510 | C43: D | D43: 0 | F43: =E43 -> 0 | G43: =H43+D43-F43 -> 0 | H43: 0 | I43: =G43 -> 0 | J43: 0 | K43: =J43 -> 0 | L43: =M43+I43-K43 -> 0 | M43: 0 | N43: =L43 -> 0 | O43: 2000 | P43: =O43 -> 2000 | Q43: =R43+N43-P43 -> 0 | R43: 2000
A44: STETSON KIPKOECH | B44: 0511 | C44: D | D44: 0 | F44: =E44 -> 0 | G44: =H44+D44-F44 -> 0 | H44: 0 | I44: =G44 -> 0 | J44: 0 | K44: =J44 -> 0 | L44: =M44+I44-K44 -> 0 | M44: 0 | N44: =L44 -> 0 | O44: 2000 | P44: =O44 -> 2000 | Q44: =R44+N44-P44 -> 0 | R44: 2000
A45: BARAKA BETT KOSGEI | B45: 0513 | C45: D | D45: 0 | F45: =E45 -> 0 | G45: =H45+D45-F45 -> 0 | H45: 0 | I45: =G45 -> 0 | J45: 0 | K45: =J45 -> 0 | L45: =M45+I45-K45 -> 0 | M45: 0 | N45: =L45 -> 0 | O45: 2000 | P45: =O45 -> 2000 | Q45: =R45+N45-P45 -> 0 | R45: 2000
A46: AYDEN KIBET | B46: 0517 | C46: D | D46: 0 | F46: =E46 -> 0 | G46: =H46+D46-F46 -> 0 | H46: 0 | I46: =G46 -> 0 | J46: 0 | K46: =J46 -> 0 | L46: =M46+I46-K46 -> 0 | M46: 0 | N46: =L46 -> 0 | O46: 2000 | P46: =O46 -> 2000 | Q46: =R46+N46-P46 -> 0 | R46: 2000
A47: IVAN KURUI | B47: 0520 | C47: D | D47: 0 | F47: =E47 -> 0 | G47: =H47+D47-F47 -> 0 | H47: 0 | I47: =G47 -> 0 | J47: 0 | K47: =J47 -> 0 | L47: =M47+I47-K47 -> 0 | M47: 0 | N47: =L47 -> 0 | P47: =O47 -> 0 | Q47: =R47+N47-P47 -> 2000 | R47: 2000
A48: TOTALS | D48: 0 | F48: =SUM(F4:F20) -> 115600 | G48: =SUM(G4:G23) -> 34250 | H48: =SUM(H4:H47) -> 169100 | I48: =SUM(I4:I46) -> 34250 | J48: =SUM(J4:J46) -> 128600 | K48: =SUM(K4:K46) -> 128600 | L48: =SUM(L4:L47) -> 40450 | M48: =SUM(M4:M47) -> 134800 | N48: =SUM(N4:N47) -> 40450 | P48: =SUM(P4:P47) -> 35500 | Q48: =SUM(Q4:Q47) -> 89750 | R48: =SUM(R4:R47) -> 84800

Sheet PP1
A2: NAME OF LEARNER | F2: 1ST TERM | L2: 2ND TERM | Q2: 3RD TERM | S2: TOTAL | T2: BALANCE | U2: EXPECTED
B3: ADM | C3: B/D | D3: B/F | E3: FEES | F3: TOTAL | G3: BALANCE | H3: EXPECTED | I3: B/F | J3: FEES | K3: TOTAL | L3: BALANCE | M3: EXPECTED | N3: B/F | O3: FEES | P3: TOTAL | Q3: BALANCE | R3: EXPECTED
A4: REENA CHEMUTAI | B4: 0296 | C4: D | E4: 9500 | F4: =E4 -> 9500 | G4: =H4+D4-F4 -> 0 | H4: 9500 | I4: =G4 -> 0 | J4: 2000 | K4: =J4 -> 2000 | L4: =M4+I4-K4 -> 2000 | M4: 4000 | N4: =L4 -> 2000 | O4: 2000 | P4: =O4 -> 2000 | Q4: =R4+N4-P4 -> 2000 | R4: 2000
A5: FIDEL KIPTOO | B5: 0297 | C5: D | E5: 9500 | F5: =E5 -> 9500 | G5: =H5+D5-F5 -> 0 | H5: 9500 | I5: =G5 -> 0 | J5: 2800 | K5: =J5 -> 2800 | L5: =M5+I5-K5 -> 1200 | M5: 4000 | N5: =L5 -> 1200 | O5: 1200 | P5: =O5 -> 1200 | Q5: =R5+N5-P5 -> 2000 | R5: 2000
A6: BEVAN KIBET | B6: 0298 | C6: D | D6: 8000 | F6: =E6 -> 0 | G6: =H6+D6-F6 -> 17500 | H6: 9500 | I6: =G6 -> 17500 | K6: =J6 -> 0 | L6: =M6+I6-K6 -> 17500 | M6: 0 | N6: =L6 -> 17500 | P6: =O6 -> 0 | Q6: =R6+N6-P6 -> 17500 | R6: 0
A7: BLESSED KIPCHUMBA | B7: 0299 | C7: D | D7: 1650 | E7: 8400 | F7: =E7 -> 8400 | G7: =H7+D7-F7 -> 2750 | H7: 9500 | I7: =G7 -> 2750 | J7: 5500 | K7: =J7 -> 5500 | L7: =M7+I7-K7 -> 1250 | M7: 4000 | N7: =L7 -> 1250 | P7: =O7 -> 0 | Q7: =R7+N7-P7 -> 3250 | R7: 2000
A8: DARIUS KIPKORIR | B8: 0300 | C8: D | D8: 50 | E8: 13500 | F8: =E8 -> 13500 | G8: =H8+D8-F8 -> -3950 | H8: 9500 | I8: =G8 -> -3950 | K8: =J8 -> 0 | L8: =M8+I8-K8 -> 50 | M8: 4000 | N8: =L8 -> 50 | P8: =O8 -> 0 | Q8: =R8+N8-P8 -> 2050 | R8: 2000
A9: ASBEL KIPROTICH | B9: 0301 | C9: D | E9: 9500 | F9: =E9 -> 9500 | G9: =H9+D9-F9 -> 0 | H9: 9500 | I9: =G9 -> 0 | J9: 3600 | K9: =J9 -> 3600 | L9: =M9+I9-K9 -> 400 | M9: 4000 | N9: =L9 -> 400 | O9: 400 | P9: =O9 -> 400 | Q9: =R9+N9-P9 -> 2000 | R9: 2000
A10: LIAM KIPKEMBOI | B10: 0302 | C10: D | D10: 2500 | F10: =E10 -> 0 | G10: =H10+D10-F10 -> 12000 | H10: 9500 | I10: =G10 -> 12000 | K10: =J10 -> 0 | L10: =M10+I10-K10 -> 16000 | M10: 4000 | N10: =L10 -> 16000 | P10: =O10 -> 0 | Q10: =R10+N10-P10 -> 16000 | R10: 0
A11: JESSY KIPROTICH | B11: 0303 | C11: D | E11: 9500 | F11: =E11 -> 9500 | G11: =H11+D11-F11 -> 0 | H11: 9500 | I11: =G11 -> 0 | J11: 4000 | K11: =J11 -> 4000 | L11: =M11+I11-K11 -> 0 | M11: 4000 | N11: =L11 -> 0 | P11: =O11 -> 0 | Q11: =R11+N11-P11 -> 2000 | R11: 2000
A12: GENESIS ODHIAMBO | B12: 0304 | C12: D | E12: 9500 | F12: =E12 -> 9500 | G12: =H12+D12-F12 -> 0 | H12: 9500 | I12: =G12 -> 0 | J12: 4000 | K12: =J12 -> 4000 | L12: =M12+I12-K12 -> 0 | M12: 4000 | N12: =L12 -> 0 | O12: 1000 | P12: =O12 -> 1000 | Q12: =R12+N12-P12 -> 1000 | R12: 2000
A13: PATIENCE JEPTOO | B13: 0305 | C13: D | E13: 9500 | F13: =E13 -> 9500 | G13: =H13+D13-F13 -> 0 | H13: 9500 | I13: =G13 -> 0 | J13: 6000 | K13: =J13 -> 6000 | L13: =M13+I13-K13 -> -2000 | M13: 4000 | N13: =L13 -> -2000 | P13: =O13 -> 0 | Q13: =R13+N13-P13 -> 0 | R13: 2000
A14: SASHA JELIMO | B14: 0306 | C14: D | E14: 9500 | F14: =E14 -> 9500 | G14: =H14+D14-F14 -> 0 | H14: 9500 | I14: =G14 -> 0 | J14: 4000 | K14: =J14 -> 4000 | L14: =M14+I14-K14 -> 0 | M14: 4000 | N14: =L14 -> 0 | P14: =O14 -> 0 | Q14: =R14+N14-P14 -> 2000 | R14: 2000
A15: MIKEL KIPKOECH | B15: 0307 | C15: D | E15: 5000 | F15: =E15 -> 5000 | G15: =H15+D15-F15 -> 4500 | H15: 9500 | I15: =G15 -> 4500 | K15: =J15 -> 0 | L15: =M15+I15-K15 -> 8500 | M15: 4000 | N15: =L15 -> 8500 | P15: =O15 -> 0 | Q15: =R15+N15-P15 -> 10500 | R15: 2000
A16: GILLIAN JEMUTAI | B16: 0308 | C16: D | E16: 9500 | F16: =E16 -> 9500 | G16: =H16+D16-F16 -> 0 | H16: 9500 | I16: =G16 -> 0 | J16: 2000 | K16: =J16 -> 2000 | L16: =M16+I16-K16 -> 2000 | M16: 4000 | N16: =L16 -> 2000 | O16: 2000 | P16: =O16 -> 2000 | Q16: =R16+N16-P16 -> 2000 | R16: 2000
A17: KAYDEN KIPROP | B17: 0309 | C17: D | E17: 7000 | F17: =E17 -> 7000 | G17: =H17+D17-F17 -> 2500 | H17: 9500 | I17: =G17 -> 2500 | J17: 6500 | K17: =J17 -> 6500 | L17: =M17+I17-K17 -> 0 | M17: 4000 | N17: =L17 -> 0 | P17: =O17 -> 0 | Q17: =R17+N17-P17 -> 2000 | R17: 2000
A18: BRIAN KIPKORIR | B18: 0310 | C18: D | F18: =E18 -> 0 | G18: =H18+D18-F18 -> 9500 | H18: 9500 | I18: =G18 -> 9500 | K18: =J18 -> 0 | L18: =M18+I18-K18 -> 13500 | M18: 4000 | N18: =L18 -> 13500 | P18: =O18 -> 0 | Q18: =R18+N18-P18 -> 13500 | R18: 0
A19: BRAVIN KIPKOECH | B19: 0311 | C19: D | E19: 9500 | F19: =E19 -> 9500 | G19: =H19+D19-F19 -> 0 | H19: 9500 | I19: =G19 -> 0 | J19: 4000 | K19: =J19 -> 4000 | L19: =M19+I19-K19 -> 0 | M19: 4000 | N19: =L19 -> 0 | P19: =O19 -> 0 | Q19: =R19+N19-P19 -> 2000 | R19: 2000
A20: ARYANNAH WANJIKU | B20: 0313 | C20: D | E20: 9500 | F20: =E20 -> 9500 | G20: =H20+D20-F20 -> 0 | H20: 9500 | I20: =G20 -> 0 | J20: 4000 | K20: =J20 -> 4000 | L20: =M20+I20-K20 -> 0 | M20: 4000 | N20: =L20 -> 0 | O20: 2000 | P20: =O20 -> 2000 | Q20: =R20+N20-P20 -> 0 | R20: 2000
A21: AIDEN KIPCHUMBA | B21: 0314 | C21: D | E21: 9500 | F21: =E21 -> 9500 | G21: =H21+D21-F21 -> 0 | H21: 9500 | I21: =G21 -> 0 | J21: 4000 | K21: =J21 -> 4000 | L21: =M21+I21-K21 -> 0 | M21: 4000 | N21: =L21 -> 0 | P21: =O21 -> 0 | Q21: =R21+N21-P21 -> 2000 | R21: 2000
A22: ADRIANNA JEPKOSGEI | B22: 0315 | C22: D | E22: 9500 | F22: =E22 -> 9500 | G22: =H22+D22-F22 -> 0 | H22: 9500 | I22: =G22 -> 0 | J22: 4000 | K22: =J22 -> 4000 | L22: =M22+I22-K22 -> 0 | M22: 4000 | N22: =L22 -> 0 | P22: =O22 -> 0 | Q22: =R22+N22-P22 -> 2000 | R22: 2000
A23: ABIGAEL KIPSARNO | B23: 0316 | C23: D | E23: 5500 | F23: =E23 -> 5500 | G23: =H23+D23-F23 -> 4000 | H23: 9500 | I23: =G23 -> 4000 | J23: =5000+700 -> 5700 | K23: =J23 -> 5700 | L23: =M23+I23-K23 -> 2300 | M23: 4000 | N23: =L23 -> 2300 | O23: 2500 | P23: =O23 -> 2500 | Q23: =R23+N23-P23 -> 1800 | R23: 2000
A24: ABIUD KIPSARNO | B24: 0317 | C24: D | E24: 5500 | F24: =E24 -> 5500 | G24: =H24+D24-F24 -> 4000 | H24: 9500 | I24: =G24 -> 4000 | J24: =5000+700 -> 5700 | K24: =J24 -> 5700 | L24: =M24+I24-K24 -> 2300 | M24: 4000 | N24: =L24 -> 2300 | O24: 2500 | P24: =O24 -> 2500 | Q24: =R24+N24-P24 -> 1800 | R24: 2000
A25: JODYANN JEROTICH | B25: 0318 | C25: D | E25: 7000 | F25: =E25 -> 7000 | G25: =H25+D25-F25 -> 2500 | H25: 9500 | I25: =G25 -> 2500 | J25: 6500 | K25: =J25 -> 6500 | L25: =M25+I25-K25 -> 0 | M25: 4000 | N25: =L25 -> 0 | P25: =O25 -> 0 | Q25: =R25+N25-P25 -> 2000 | R25: 2000
A26: ARYANNAH SHINNEL | B26: 0458 | C26: D | D26: 3000 | E26: 2000 | F26: =E26 -> 2000 | G26: =H26+D26-F26 -> 7650 | H26: 6650 | I26: =G26 -> 7650 | J26: 4000 | K26: =J26 -> 4000 | L26: =M26+I26-K26 -> 6450 | M26: 2800 | N26: =L26 -> 6450 | P26: =O26 -> 0 | Q26: =R26+N26-P26 -> 6450 | R26: 0
A27: ENOCK KIPRUTO | B27: 0400 | C27: D | E27: 9500 | F27: =E27 -> 9500 | G27: =H27+D27-F27 -> 0 | H27: 9500 | I27: =G27 -> 0 | J27: =1100+1000 -> 2100 | K27: =J27 -> 2100 | L27: =M27+I27-K27 -> 1900 | M27: 4000 | N27: =L27 -> 1900 | P27: =O27 -> 0 | Q27: =R27+N27-P27 -> 3900 | R27: 2000
A28: SHALINE JEPCHUMBA | B28: 0401 | C28: D | D28: 50 | E28: 15000 | F28: =E28 -> 15000 | G28: =H28+D28-F28 -> -5450 | H28: 9500 | I28: =G28 -> -5450 | K28: =J28 -> 0 | L28: =M28+I28-K28 -> -1450 | M28: 4000 | N28: =L28 -> -1450 | P28: =O28 -> 0 | Q28: =R28+N28-P28 -> 550 | R28: 2000
A29: SHALINE JEPCHUMBA KOSGEI | B29: 0402 | C29: D | E29: 9500 | F29: =E29 -> 9500 | G29: =H29+D29-F29 -> 0 | H29: 9500 | I29: =G29 -> 0 | J29: 4000 | K29: =J29 -> 4000 | L29: =M29+I29-K29 -> 0 | M29: 4000 | N29: =L29 -> 0 | P29: =O29 -> 0 | Q29: =R29+N29-P29 -> 2000 | R29: 2000
A30: BRIGID CHEROP | B30: 0403 | C30: D | E30: 9500 | F30: =E30 -> 9500 | G30: =H30+D30-F30 -> 0 | H30: 9500 | I30: =G30 -> 0 | J30: 4000 | K30: =J30 -> 4000 | L30: =M30+I30-K30 -> 0 | M30: 4000 | N30: =L30 -> 0 | O30: 2000 | P30: =O30 -> 2000 | Q30: =R30+N30-P30 -> 0 | R30: 2000
A31: BLESSING JERUTO KITUM | B31: 0320 | C31: D | E31: 8500 | F31: =E31 -> 8500 | G31: =H31+D31-F31 -> 1000 | H31: 9500 | I31: =G31 -> 1000 | J31: =4500+500 -> 5000 | K31: =J31 -> 5000 | L31: =M31+I31-K31 -> 0 | M31: 4000 | N31: =L31 -> 0 | P31: =O31 -> 0 | Q31: =R31+N31-P31 -> 2000 | R31: 2000
A32: TALIA JEPTOO | B32: 0331 | C32: D | E32: 9500 | F32: =E32 -> 9500 | G32: =H32+D32-F32 -> 0 | H32: 9500 | I32: =G32 -> 0 | J32: 4000 | K32: =J32 -> 4000 | L32: =M32+I32-K32 -> 0 | M32: 4000 | N32: =L32 -> 0 | O32: 1000 | P32: =O32 -> 1000 | Q32: =R32+N32-P32 -> 1000 | R32: 2000
A33: WISDOM ODHIAMBO | B33: 0329 | C33: D | E33: 6000 | F33: =E33 -> 6000 | G33: =H33+D33-F33 -> 3500 | H33: 9500 | I33: =G33 -> 3500 | J33: =5000+525+1500 -> 7025 | K33: =J33 -> 7025 | L33: =M33+I33-K33 -> 475 | M33: 4000 | N33: =L33 -> 475 | P33: =O33 -> 0 | Q33: =R33+N33-P33 -> 2475 | R33: 2000
A34: JACELYN JELAGAT | B34: 0340 | C34: D | E34: 9500 | F34: =E34 -> 9500 | G34: =H34+D34-F34 -> 0 | H34: 9500 | I34: =G34 -> 0 | J34: =2000+2050 -> 4050 | K34: =J34 -> 4050 | L34: =M34+I34-K34 -> -50 | M34: 4000 | N34: =L34 -> -50 | O34: 2000 | P34: =O34 -> 2000 | Q34: =R34+N34-P34 -> -50 | R34: 2000
A35: ADEN KIPRONO | B35: 0369 | C35: D | E35: 7500 | F35: =E35 -> 7500 | G35: =H35+D35-F35 -> 2000 | H35: 9500 | I35: =G35 -> 2000 | J35: 6000 | K35: =J35 -> 6000 | L35: =M35+I35-K35 -> 0 | M35: 4000 | N35: =L35 -> 0 | O35: 1200 | P35: =O35 -> 1200 | Q35: =R35+N35-P35 -> 800 | R35: 2000
A36: JAYDEN KIPRONO | B36: 0381 | C36: D | E36: 8850 | F36: =E36 -> 8850 | G36: =H36+D36-F36 -> 650 | H36: 9500 | I36: =G36 -> 650 | J36: 4650 | K36: =J36 -> 4650 | L36: =M36+I36-K36 -> 0 | M36: 4000 | N36: =L36 -> 0 | P36: =O36 -> 0 | Q36: =R36+N36-P36 -> 2000 | R36: 2000
A37: JAYDEN KIPCHIRCHIR | B37: 0386 | C37: D | E37: 7700 | F37: =E37 -> 7700 | G37: =H37+D37-F37 -> 1800 | H37: 9500 | I37: =G37 -> 1800 | J37: 1500 | K37: =J37 -> 1500 | L37: =M37+I37-K37 -> 4300 | M37: 4000 | N37: =L37 -> 4300 | P37: =O37 -> 0 | Q37: =R37+N37-P37 -> 6300 | R37: 2000
A38: ELLA JEBET | B38: 0404 | C38: D | E38: 9000 | F38: =E38 -> 9000 | G38: =H38+D38-F38 -> 500 | H38: 9500 | I38: =G38 -> 500 | J38: 4500 | K38: =J38 -> 4500 | L38: =M38+I38-K38 -> 0 | M38: 4000 | N38: =L38 -> 0 | O38: 1000 | P38: =O38 -> 1000 | Q38: =R38+N38-P38 -> 1000 | R38: 2000
A39: ABIGAEL JEPKORIR | B39: 0421 | C39: D | E39: 3550 | F39: =E39 -> 3550 | G39: =H39+D39-F39 -> 5950 | H39: 9500 | I39: =G39 -> 5950 | K39: =J39 -> 0 | L39: =M39+I39-K39 -> 9950 | M39: 4000 | N39: =L39 -> 9950 | P39: =O39 -> 0 | Q39: =R39+N39-P39 -> 11950 | R39: 2000
A40: ANNETTE JEBIWOTT | B40: 0435 | C40: D | E40: 7700 | F40: =E40 -> 7700 | G40: =H40+D40-F40 -> 1800 | H40: 9500 | I40: =G40 -> 1800 | J40: 6000 | K40: =J40 -> 6000 | L40: =M40+I40-K40 -> -200 | M40: 4000 | N40: =L40 -> -200 | P40: =O40 -> 0 | Q40: =R40+N40-P40 -> 1800 | R40: 2000
A41: ADRIAN KIPROP | B41: 0362 | C41: D | E41: 7000 | F41: =E41 -> 7000 | G41: =H41+D41-F41 -> 2500 | H41: 9500 | I41: =G41 -> 2500 | J41: 6500 | K41: =J41 -> 6500 | L41: =M41+I41-K41 -> 0 | M41: 4000 | N41: =L41 -> 0 | P41: =O41 -> 0 | Q41: =R41+N41-P41 -> 2000 | R41: 2000
A42: IVY JEROP | B42: 0405 | C42: D | E42: 5000 | F42: =E42 -> 5000 | G42: =H42+D42-F42 -> 4500 | H42: 9500 | I42: =G42 -> 4500 | J42: 8500 | K42: =J42 -> 8500 | L42: =M42+I42-K42 -> 0 | M42: 4000 | N42: =L42 -> 0 | O42: 500 | P42: =O42 -> 500 | Q42: =R42+N42-P42 -> 1500 | R42: 2000
A43: BLESSING JEPKEMOI | B43: 0388 | C43: D | E43: 9500 | F43: =E43 -> 9500 | G43: =H43+D43-F43 -> 0 | H43: 9500 | I43: =G43 -> 0 | J43: 4000 | K43: =J43 -> 4000 | L43: =M43+I43-K43 -> 0 | M43: 4000 | N43: =L43 -> 0 | P43: =O43 -> 0 | Q43: =R43+N43-P43 -> 2000 | R43: 2000
A44: JOHNSON ABALA | B44: 0476 | C44: D | F44: =E44 -> 0 | G44: =H44+D44-F44 -> 0 | H44: 0 | I44: =G44 -> 0 | J44: 6000 | K44: =J44 -> 6000 | L44: =M44+I44-K44 -> -2000 | M44: 4000 | N44: =L44 -> -2000 | P44: =O44 -> 0 | Q44: =R44+N44-P44 -> 0 | R44: 2000
A45: JAYDEN KIPKOECH | B45: 0481 | C45: D | F45: =E45 -> 0 | G45: =H45+D45-F45 -> 0 | H45: 0 | I45: =G45 -> 0 | J45: =2000+500 -> 2500 | K45: =J45 -> 2500 | L45: =M45+I45-K45 -> 1500 | M45: 4000 | N45: =L45 -> 1500 | P45: =O45 -> 0 | Q45: =R45+N45-P45 -> 3500 | R45: 2000
A46: KYLE KIPRUTO | B46: 0489 | C46: D | F46: =E46 -> 0 | G46: =H46+D46-F46 -> 0 | H46: 0 | I46: =G46 -> 0 | J46: 4000 | K46: =J46 -> 4000 | L46: =M46+I46-K46 -> 0 | M46: 4000 | N46: =L46 -> 0 | P46: =O46 -> 0 | Q46: =R46+N46-P46 -> 2000 | R46: 2000
A47: BRIGHTON KIPRUTO KIPTUM | B47: 0493 | C47: D | F47: =E47 -> 0 | G47: =H47+D47-F47 -> 0 | H47: 0 | I47: =G47 -> 0 | J47: 3000 | K47: =J47 -> 3000 | L47: =M47+I47-K47 -> 1000 | M47: 4000 | N47: =L47 -> 1000 | O47: 3000 | P47: =O47 -> 3000 | Q47: =R47+N47-P47 -> 0 | R47: 2000
A48: NOELA JOY CHERUTO | B48: 0463 | C48: D | F48: =E48 -> 0 | G48: =H48+D48-F48 -> 0 | H48: 0 | I48: =G48 -> 0 | J48: 4000 | K48: =J48 -> 4000 | L48: =M48+I48-K48 -> 0 | M48: 4000 | N48: =L48 -> 0 | P48: =O48 -> 0 | Q48: =R48+N48-P48 -> 2000 | R48: 2000
A49: PATIENCE JELAGAT | B49: 0497 | C49: D | F49: =E49 -> 0 | G49: =H49+D49-F49 -> 0 | H49: 0 | I49: =G49 -> 0 | J49: 4000 | K49: =J49 -> 4000 | L49: =M49+I49-K49 -> 0 | M49: 4000 | N49: =L49 -> 0 | P49: =O49 -> 0 | Q49: =R49+N49-P49 -> 2000 | R49: 2000
A50: EDEN JEPKOECH | B50: 0395 | C50: D | D50: 0 | E50: 9050 | F50: =E50 -> 9050 | G50: =H50+D50-F50 -> 450 | H50: 9500 | I50: =G50 -> 450 | J50: 6450 | K50: =J50 -> 6450 | L50: =M50+I50-K50 -> -2000 | M50: 4000 | N50: =L50 -> -2000 | P50: =O50 -> 0 | Q50: =R50+N50-P50 -> 0 | R50: 2000
A51: PATIENCE JEPCHUMBA | B51: 0512 | C51: D | J51: 0 | K51: =J51 -> 0 | L51: =M51+I51-K51 -> 0 | M51: 0 | N51: =L51 -> 0 | O51: 2000 | P51: =O51 -> 2000 | Q51: =R51+N51-P51 -> 0 | R51: 2000
A52: HARRY KIPROP | B52: 0515 | C52: D | J52: 0 | K52: =J52 -> 0 | L52: =M52+I52-K52 -> 0 | M52: 0 | N52: =L52 -> 0 | O52: 2000 | P52: =O52 -> 2000 | Q52: =R52+N52-P52 -> 0 | R52: 2000
A53: TOTAL | D53: =SUM(D4:D40) -> 15250 | F53: =SUM(F4:F40) -> 289200 | G53: =SUM(G4:G50) -> 82150 | H53: =SUM(H4:H50) -> 386650 | I53: =G53 -> 82150 | J53: =SUM(J4:J51) -> 180075 | K53: =SUM(K4:K51) -> 180075 | L53: =SUM(L4:L51) -> 84875 | M53: =SUM(M4:M52) -> 182800 | N53: =SUM(N4:N52) -> 84875 | O53: =SUM(O4:O52) -> 28300 | P53: =SUM(P4:P52) -> 28300 | Q53: =SUM(Q4:Q52) -> 146575 | R53: =SUM(R4:R52) -> 90000

Sheet PP2
A2: NAME OF LEARNER | F2: 1ST TERM | L2: 2ND TERM | Q2: 3RD TERM | S2: TOTAL | T2: BALANCE | U2: EXPECTED
B3: ADM | C3: B/D | D3: B/F | E3: FEES | F3: TOTAL | G3: BALANCE | H3: EXPECTED | I3: B/F | J3: FEES | K3: TOTAL | L3: BALANCE | M3: EXPECTED | N3: B/F | O3: FEES | P3: TOTAL | Q3: BALANCE | R3: EXPECTED
A4: SHANICE JEPKORIR | B4: 0256 | C4: D | E4: 10000 | F4: =E4 -> 10000 | G4: =H4+D4-F4 -> -500 | H4: 9500 | I4: =G4 -> -500 | J4: 3500 | K4: =J4 -> 3500 | L4: =M4+G4-K4 -> 0 | M4: 4000 | N4: =L4 -> 0 | P4: =O4 -> 0 | Q4: =R4+N4-P4 -> 2000 | R4: 2000
A5: JOY JEPCHUMBA | B5: 0257 | C5: D | E5: 9500 | F5: =E5 -> 9500 | G5: =H5+D5-F5 -> 0 | H5: 9500 | I5: =G5 -> 0 | J5: 4000 | K5: =J5 -> 4000 | L5: =M5+G5-K5 -> 0 | M5: 4000 | N5: =L5 -> 0 | P5: =O5 -> 0 | Q5: =R5+N5-P5 -> 2000 | R5: 2000
A6: GIFT KIPRUTO | B6: 0258 | C6: D | E6: 9500 | F6: =E6 -> 9500 | G6: =H6+D6-F6 -> 0 | H6: 9500 | I6: =G6 -> 0 | J6: 4000 | K6: =J6 -> 4000 | L6: =M6+G6-K6 -> 0 | M6: 4000 | N6: =L6 -> 0 | O6: 2000 | P6: =O6 -> 2000 | Q6: =R6+N6-P6 -> 0 | R6: 2000
A7: GIFT KIPCHUMBA | B7: 0259 | C7: D | E7: 9500 | F7: =E7 -> 9500 | G7: =H7+D7-F7 -> 0 | H7: 9500 | I7: =G7 -> 0 | J7: 4000 | K7: =J7 -> 4000 | L7: =M7+G7-K7 -> 0 | M7: 4000 | N7: =L7 -> 0 | P7: =O7 -> 0 | Q7: =R7+N7-P7 -> 2000 | R7: 2000
A8: GADDIEL KIPROTICH | B8: 0261 | C8: D | D8: 5000 | F8: =E8 -> 0 | G8: =H8+D8-F8 -> 14500 | H8: 9500 | I8: =G8 -> 14500 | K8: =J8 -> 0 | L8: =M8+G8-K8 -> 14500 | M8: 0 | N8: =L8 -> 14500 | P8: =O8 -> 0 | Q8: =R8+N8-P8 -> 14500 | R8: 0
A9: DAWID KIPKOECH | B9: 0262 | C9: D | D9: 50 | E9: 14050 | F9: =E9 -> 14050 | G9: =H9+D9-F9 -> -4500 | H9: 9500 | I9: =G9 -> -4500 | K9: =J9 -> 0 | L9: =M9+G9-K9 -> -500 | M9: 4000 | N9: =L9 -> -500 | P9: =O9 -> 0 | Q9: =R9+N9-P9 -> 1500 | R9: 2000
A10: SHERYL JEROTICH | B10: 0263 | C10: D | D10: 5000 | E10: 2000 | F10: =E10 -> 2000 | G10: =H10+D10-F10 -> 9650 | H10: 6650 | I10: =G10 -> 9650 | J10: 3000 | K10: =J10 -> 3000 | L10: =M10+G10-K10 -> 9450 | M10: 2800 | N10: =L10 -> 9450 | P10: =O10 -> 0 | Q10: =R10+N10-P10 -> 11450 | R10: 2000
A11: BRAYDEN KEMBOI | B11: 0264 | C11: D | E11: 8000 | F11: =E11 -> 8000 | G11: =H11+D11-F11 -> -1350 | H11: 6650 | I11: =G11 -> -1350 | K11: =J11 -> 0 | L11: =M11+G11-K11 -> 1450 | M11: 2800 | N11: =L11 -> 1450 | P11: =O11 -> 0 | Q11: =R11+N11-P11 -> 3450 | R11: 2000
A12: LEROY KIGEN | B12: 0265 | C12: D | E12: 9450 | F12: =E12 -> 9450 | G12: =H12+D12-F12 -> 50 | H12: 9500 | I12: =G12 -> 50 | J12: 4050 | K12: =J12 -> 4050 | L12: =M12+G12-K12 -> 0 | M12: 4000 | N12: =L12 -> 0 | P12: =O12 -> 0 | Q12: =R12+N12-P12 -> 2000 | R12: 2000
A13: JAYDEN KIPKOECH | B13: 0266 | C13: D | E13: 9000 | F13: =E13 -> 9000 | G13: =H13+D13-F13 -> 500 | H13: 9500 | I13: =G13 -> 500 | J13: 4500 | K13: =J13 -> 4500 | L13: =M13+G13-K13 -> 0 | M13: 4000 | N13: =L13 -> 0 | O13: 1000 | P13: =O13 -> 1000 | Q13: =R13+N13-P13 -> 1000 | R13: 2000
A14: PURITY CHEROTICH | B14: 0267 | C14: D | E14: 2000 | F14: =E14 -> 2000 | G14: =H14+D14-F14 -> 4650 | H14: 6650 | I14: =G14 -> 4650 | J14: 4500 | K14: =J14 -> 4500 | L14: =M14+G14-K14 -> 2950 | M14: 2800 | N14: =L14 -> 2950 | O14: 2000 | P14: =O14 -> 2000 | Q14: =R14+N14-P14 -> 2350 | R14: 1400
A15: KATHLEEN KEZIAH | B15: 0268 | C15: D | E15: 9500 | F15: =E15 -> 9500 | G15: =H15+D15-F15 -> 0 | H15: 9500 | I15: =G15 -> 0 | J15: 4000 | K15: =J15 -> 4000 | L15: =M15+G15-K15 -> 0 | M15: 4000 | N15: =L15 -> 0 | O15: 2000 | P15: =O15 -> 2000 | Q15: =R15+N15-P15 -> 0 | R15: 2000
A16: BRAVIN KIGEN | B16: 0269 | C16: D | E16: 9500 | F16: =E16 -> 9500 | G16: =H16+D16-F16 -> 0 | H16: 9500 | I16: =G16 -> 0 | J16: 2950 | K16: =J16 -> 2950 | L16: =M16+G16-K16 -> 1050 | M16: 4000 | N16: =L16 -> 1050 | P16: =O16 -> 0 | Q16: =R16+N16-P16 -> 3050 | R16: 2000
A17: BEN KIBET | B17: 0270 | C17: D | E17: 9500 | F17: =E17 -> 9500 | G17: =H17+D17-F17 -> 0 | H17: 9500 | I17: =G17 -> 0 | J17: =2250+1000 -> 3250 | K17: =J17 -> 3250 | L17: =M17+G17-K17 -> 750 | M17: 4000 | N17: =L17 -> 750 | O17: 2750 | P17: =O17 -> 2750 | Q17: =R17+N17-P17 -> 0 | R17: 2000
A18: ALLAN KIBET | B18: 0271 | C18: D | E18: 7000 | F18: =E18 -> 7000 | G18: =H18+D18-F18 -> 2500 | H18: 9500 | I18: =G18 -> 2500 | J18: 5500 | K18: =J18 -> 5500 | L18: =M18+G18-K18 -> 1000 | M18: 4000 | N18: =L18 -> 1000 | P18: =O18 -> 0 | Q18: =R18+N18-P18 -> 3000 | R18: 2000
A19: LENICE JEPKURUI | B19: 0272 | C19: D | E19: 3500 | F19: =E19 -> 3500 | G19: =H19+D19-F19 -> 6000 | H19: 9500 | I19: =G19 -> 6000 | J19: 10000 | K19: =J19 -> 10000 | L19: =M19+G19-K19 -> 0 | M19: 4000 | N19: =L19 -> 0 | P19: =O19 -> 0 | Q19: =R19+N19-P19 -> 2000 | R19: 2000
A20: LEON KIPCHIRCHIR | B20: 0273 | C20: D | E20: 8500 | F20: =E20 -> 8500 | G20: =H20+D20-F20 -> 1000 | H20: 9500 | I20: =G20 -> 1000 | J20: 5000 | K20: =J20 -> 5000 | L20: =M20+G20-K20 -> 0 | M20: 4000 | N20: =L20 -> 0 | O20: 250 | P20: =O20 -> 250 | Q20: =R20+N20-P20 -> 1750 | R20: 2000
A21: SHERYL JEBET | B21: 0274 | C21: D | E21: 9500 | F21: =E21 -> 9500 | G21: =H21+D21-F21 -> 0 | H21: 9500 | I21: =G21 -> 0 | J21: 4000 | K21: =J21 -> 4000 | L21: =M21+G21-K21 -> 0 | M21: 4000 | N21: =L21 -> 0 | O21: 2000 | P21: =O21 -> 2000 | Q21: =R21+N21-P21 -> 0 | R21: 2000
A22: BRAVIN KIPKEMBOI | B22: 0275 | C22: D | D22: -1000 | E22: 7000 | F22: =E22 -> 7000 | G22: =H22+D22-F22 -> 1500 | H22: 9500 | I22: =G22 -> 1500 | J22: 5000 | K22: =J22 -> 5000 | L22: =M22+G22-K22 -> 500 | M22: 4000 | N22: =L22 -> 500 | P22: =O22 -> 0 | Q22: =R22+N22-P22 -> 2500 | R22: 2000
A23: LIANNAH JEPCHUMBA | B23: 0276 | C23: D | E23: 9500 | F23: =E23 -> 9500 | G23: =H23+D23-F23 -> 0 | H23: 9500 | I23: =G23 -> 0 | J23: 4000 | K23: =J23 -> 4000 | L23: =M23+G23-K23 -> 0 | M23: 4000 | N23: =L23 -> 0 | O23: 1000 | P23: =O23 -> 1000 | Q23: =R23+N23-P23 -> 1000 | R23: 2000
A24: LINCOLN KIPLIMO | B24: 0277 | C24: D | E24: 3950 | F24: =E24 -> 3950 | G24: =H24+D24-F24 -> 5550 | H24: 9500 | I24: =G24 -> 5550 | J24: =4000+2000 -> 6000 | K24: =J24 -> 6000 | L24: =M24+G24-K24 -> 3550 | M24: 4000 | N24: =L24 -> 3550 | P24: =O24 -> 0 | Q24: =R24+N24-P24 -> 5550 | R24: 2000
A25: MILAN KIMUTAI | B25: 0278 | C25: D | D25: 3550 | F25: =E25 -> 0 | G25: =H25+D25-F25 -> 13050 | H25: 9500 | I25: =G25 -> 13050 | K25: =J25 -> 0 | L25: =M25+G25-K25 -> 13050 | M25: 0 | N25: =L25 -> 13050 | P25: =O25 -> 0 | Q25: =R25+N25-P25 -> 13050 | R25: 0
A26: MELVIN JEPKOGEI | B26: 0279 | C26: D | E26: 3650 | F26: =E26 -> 3650 | G26: =H26+D26-F26 -> 5850 | H26: 9500 | I26: =G26 -> 5850 | J26: =4000+1200 -> 5200 | K26: =J26 -> 5200 | L26: =M26+G26-K26 -> 4650 | M26: 4000 | N26: =L26 -> 4650 | P26: =O26 -> 0 | Q26: =R26+N26-P26 -> 6650 | R26: 2000
A27: ADRIAN KIPLIMO | B27: 0280 | C27: D | E27: 9200 | F27: =E27 -> 9200 | G27: =H27+D27-F27 -> 300 | H27: 9500 | I27: =G27 -> 300 | J27: =1000+2000 -> 3000 | K27: =J27 -> 3000 | L27: =M27+G27-K27 -> 1300 | M27: 4000 | N27: =L27 -> 1300 | P27: =O27 -> 0 | Q27: =R27+N27-P27 -> 3300 | R27: 2000
A28: IVAANAH JEROTICH | B28: 0281 | C28: D | E28: 7000 | F28: =E28 -> 7000 | G28: =H28+D28-F28 -> 2500 | H28: 9500 | I28: =G28 -> 2500 | J28: 8500 | K28: =J28 -> 8500 | L28: =M28+G28-K28 -> -2000 | M28: 4000 | N28: =L28 -> -2000 | P28: =O28 -> 0 | Q28: =R28+N28-P28 -> 0 | R28: 2000
A29: TIM KIRWA | B29: 0282 | C29: D | E29: 9500 | F29: =E29 -> 9500 | G29: =H29+D29-F29 -> 0 | H29: 9500 | I29: =G29 -> 0 | J29: 4000 | K29: =J29 -> 4000 | L29: =M29+G29-K29 -> 0 | M29: 4000 | N29: =L29 -> 0 | P29: =O29 -> 0 | Q29: =R29+N29-P29 -> 2000 | R29: 2000
A30: TIFFANY CHEBET | B30: 0283 | C30: D | E30: 9500 | F30: =E30 -> 9500 | G30: =H30+D30-F30 -> 0 | H30: 9500 | I30: =G30 -> 0 | J30: 4100 | K30: =J30 -> 4100 | L30: =M30+G30-K30 -> -100 | M30: 4000 | N30: =L30 -> -100 | P30: =O30 -> 0 | Q30: =R30+N30-P30 -> 1900 | R30: 2000
A31: CAREN JEROP | B31: 0284 | C31: D | E31: 6500 | F31: =E31 -> 6500 | G31: =H31+D31-F31 -> 3000 | H31: 9500 | I31: =G31 -> 3000 | J31: 5000 | K31: =J31 -> 5000 | L31: =M31+G31-K31 -> 2000 | M31: 4000 | N31: =L31 -> 2000 | O31: 3150 | P31: =O31 -> 3150 | Q31: =R31+N31-P31 -> 850 | R31: 2000
A32: SHANNICE JEPCHUMBA | B32: 0285 | C32: D | E32: 8000 | F32: =E32 -> 8000 | G32: =H32+D32-F32 -> 1500 | H32: 9500 | I32: =G32 -> 1500 | J32: 5500 | K32: =J32 -> 5500 | L32: =M32+G32-K32 -> 0 | M32: 4000 | N32: =L32 -> 0 | P32: =O32 -> 0 | Q32: =R32+N32-P32 -> 2000 | R32: 2000
A33: ANGEL JEROP | B33: 0286 | C33: D | E33: 14000 | F33: =E33 -> 14000 | G33: =H33+D33-F33 -> -4500 | H33: 9500 | I33: =G33 -> -4500 | J33: 550 | K33: =J33 -> 550 | L33: =M33+G33-K33 -> -1050 | M33: 4000 | N33: =L33 -> -1050 | P33: =O33 -> 0 | Q33: =R33+N33-P33 -> 950 | R33: 2000
A34: ASHLYNNE JEPCHUMBA | B34: 0287 | C34: D | D34: 4700 | E34: 9500 | F34: =E34 -> 9500 | G34: =H34+D34-F34 -> 4700 | H34: 9500 | I34: =G34 -> 4700 | K34: =J34 -> 0 | L34: =M34+G34-K34 -> 8700 | M34: 4000 | N34: =L34 -> 8700 | P34: =O34 -> 0 | Q34: =R34+N34-P34 -> 10700 | R34: 2000
A35: DERRICK KIMUTAI | B35: 0288 | C35: D | F35: =E35 -> 0 | G35: =H35+D35-F35 -> 9500 | H35: 9500 | I35: =G35 -> 9500 | K35: =J35 -> 0 | L35: =M35+G35-K35 -> 9500 | M35: 0 | N35: =L35 -> 9500 | P35: =O35 -> 0 | Q35: =R35+N35-P35 -> 9500 | R35: 0
A36: SHANIZ JEPTOO | B36: 0289 | C36: D | D36: 10500 | E36: 3800 | F36: =E36 -> 3800 | G36: =H36+D36-F36 -> 16200 | H36: 9500 | I36: =G36 -> 16200 | K36: =J36 -> 0 | L36: =M36+G36-K36 -> 20200 | M36: 4000 | N36: =L36 -> 20200 | P36: =O36 -> 0 | Q36: =R36+N36-P36 -> 20200 | R36: 0
A37: MITCHELLE JEPCHIRCHIR | B37: 0290 | C37: D | E37: 9500 | F37: =E37 -> 9500 | G37: =H37+D37-F37 -> 0 | H37: 9500 | I37: =G37 -> 0 | J37: 3000 | K37: =J37 -> 3000 | L37: =M37+G37-K37 -> 1000 | M37: 4000 | N37: =L37 -> 1000 | O37: 2000 | P37: =O37 -> 2000 | Q37: =R37+N37-P37 -> 1000 | R37: 2000
A38: DYLAN CHELUGET | B38: 0291 | C38: D | F38: =E38 -> 0 | G38: =H38+D38-F38 -> 9500 | H38: 9500 | I38: =G38 -> 9500 | K38: =J38 -> 0 | L38: =M38+G38-K38 -> 9500 | M38: 0 | N38: =L38 -> 9500 | P38: =O38 -> 0 | Q38: =R38+N38-P38 -> 9500 | R38: 0
A39: CYPRIAN KIPROP | B39: 0292 | C39: D | E39: 9500 | F39: =E39 -> 9500 | G39: =H39+D39-F39 -> 0 | H39: 9500 | I39: =G39 -> 0 | J39: =550+2450 -> 3000 | K39: =J39 -> 3000 | L39: =M39+G39-K39 -> 1000 | M39: 4000 | N39: =L39 -> 1000 | P39: =O39 -> 0 | Q39: =R39+N39-P39 -> 3000 | R39: 2000
A40: HAZEL JEPTOO | B40: 0293 | C40: D | E40: 9500 | F40: =E40 -> 9500 | G40: =H40+D40-F40 -> 0 | H40: 9500 | I40: =G40 -> 0 | J40: 3650 | K40: =J40 -> 3650 | L40: =M40+G40-K40 -> 350 | M40: 4000 | N40: =L40 -> 350 | P40: =O40 -> 0 | Q40: =R40+N40-P40 -> 2350 | R40: 2000
A41: ELVIS KIPLIMO | B41: 0294 | C41: D | E41: 9500 | F41: =E41 -> 9500 | G41: =H41+D41-F41 -> 0 | H41: 9500 | I41: =G41 -> 0 | J41: 4000 | K41: =J41 -> 4000 | L41: =M41+G41-K41 -> 0 | M41: 4000 | N41: =L41 -> 0 | O41: 2000 | P41: =O41 -> 2000 | Q41: =R41+N41-P41 -> 0 | R41: 2000
A42: PRUDENCE JEPKURUI | B42: 0434 | C42: D | E42: 9450 | F42: =E42 -> 9450 | G42: =H42+D42-F42 -> 50 | H42: 9500 | I42: =G42 -> 50 | J42: 4050 | K42: =J42 -> 4050 | L42: =M42+G42-K42 -> 0 | M42: 4000 | N42: =L42 -> 0 | P42: =O42 -> 0 | Q42: =R42+N42-P42 -> 2000 | R42: 2000
A43: JAYDEN KIPCHUMBA MUTAI | B43: 0355 | C43: D | E43: 8500 | F43: =E43 -> 8500 | G43: =H43+D43-F43 -> 1000 | H43: 9500 | I43: =G43 -> 1000 | J43: 4000 | K43: =J43 -> 4000 | L43: =M43+G43-K43 -> 1000 | M43: 4000 | N43: =L43 -> 1000 | P43: =O43 -> 0 | Q43: =R43+N43-P43 -> 3000 | R43: 2000
A44: PRECIOUS JEPKEMBOI MUTAI | B44: 0338 | C44: D | E44: 9000 | F44: =E44 -> 9000 | G44: =H44+D44-F44 -> 500 | H44: 9500 | I44: =G44 -> 500 | J44: 4500 | K44: =J44 -> 4500 | L44: =M44+G44-K44 -> 0 | M44: 4000 | N44: =L44 -> 0 | P44: =O44 -> 0 | Q44: =R44+N44-P44 -> 2000 | R44: 2000
A45: TIFFANY JEPKEMBOI | B45: 0343 | C45: D | E45: 9500 | F45: =E45 -> 9500 | G45: =H45+D45-F45 -> 0 | H45: 9500 | I45: =G45 -> 0 | J45: 4000 | K45: =J45 -> 4000 | L45: =M45+G45-K45 -> 0 | M45: 4000 | N45: =L45 -> 0 | P45: =O45 -> 0 | Q45: =R45+N45-P45 -> 2000 | R45: 2000
A46: PRECIOUS JEROP | B46: 0353 | C46: D | E46: 9500 | F46: =E46 -> 9500 | G46: =H46+D46-F46 -> 0 | H46: 9500 | I46: =G46 -> 0 | J46: 4000 | K46: =J46 -> 4000 | L46: =M46+G46-K46 -> 0 | M46: 4000 | N46: =L46 -> 0 | P46: =O46 -> 0 | Q46: =R46+N46-P46 -> 2000 | R46: 2000
A47: ASHLEY RONOH | B47: 0440 | C47: D | E47: 9500 | F47: =E47 -> 9500 | G47: =H47+D47-F47 -> 0 | H47: 9500 | I47: =G47 -> 0 | J47: 4000 | K47: =J47 -> 4000 | L47: =M47+G47-K47 -> 0 | M47: 4000 | N47: =L47 -> 0 | P47: =O47 -> 0 | Q47: =R47+N47-P47 -> 2000 | R47: 2000
A48: BRAELYN-ROSE JEMUTAI | B48: 0406 | C48: D | E48: 2000 | F48: =E48 -> 2000 | G48: =H48+D48-F48 -> 4650 | H48: 6650 | I48: =G48 -> 4650 | K48: =J48 -> 0 | L48: =M48+G48-K48 -> 7450 | M48: 2800 | N48: =L48 -> 7450 | O48: 2000 | P48: =O48 -> 2000 | Q48: =R48+N48-P48 -> 6850 | R48: 1400
A49: ADRIAN KIMUTAI | B49: 0326 | C49: D | E49: 9500 | F49: =E49 -> 9500 | G49: =H49+D49-F49 -> 0 | H49: 9500 | I49: =G49 -> 0 | J49: 4000 | K49: =J49 -> 4000 | L49: =M49+G49-K49 -> 0 | M49: 4000 | N49: =L49 -> 0 | O49: 1000 | P49: =O49 -> 1000 | Q49: =R49+N49-P49 -> 1000 | R49: 2000
A50: KESSIE CHEBET | B50: 0354 | C50: D | E50: 9000 | F50: =E50 -> 9000 | G50: =H50+D50-F50 -> 500 | H50: 9500 | I50: =G50 -> 500 | K50: =J50 -> 0 | L50: =M50+G50-K50 -> 4500 | M50: 4000 | N50: =L50 -> 4500 | P50: =O50 -> 0 | Q50: =R50+N50-P50 -> 6500 | R50: 2000
A51: RYAN KIPNG'ETICH | B51: 0382 | C51: D | E51: 9500 | F51: =E51 -> 9500 | G51: =H51+D51-F51 -> 0 | H51: 9500 | I51: =G51 -> 0 | J51: 4000 | K51: =J51 -> 4000 | L51: =M51+G51-K51 -> 0 | M51: 4000 | N51: =L51 -> 0 | O51: 2000 | P51: =O51 -> 2000 | Q51: =R51+N51-P51 -> 0 | R51: 2000
A52: PATIENCE JEPKOSGEI | B52: 0410 | C52: D | E52: 9000 | F52: =E52 -> 9000 | G52: =H52+D52-F52 -> 500 | H52: 9500 | I52: =G52 -> 500 | J52: 4500 | K52: =J52 -> 4500 | L52: =M52+G52-K52 -> 0 | M52: 4000 | N52: =L52 -> 0 | P52: =O52 -> 0 | Q52: =R52+N52-P52 -> 2000 | R52: 2000
A53: ZAWADI JAYDEN | B53: 0451 | C53: D | E53: 2000 | F53: =E53 -> 2000 | G53: =H53+D53-F53 -> 4650 | H53: 6650 | I53: =G53 -> 4650 | J53: 4000 | K53: =J53 -> 4000 | L53: =M53+G53-K53 -> 3450 | M53: 2800 | N53: =L53 -> 3450 | O53: 2000 | P53: =O53 -> 2000 | Q53: =R53+N53-P53 -> 2850 | R53: 1400
A54: TOTALS | D54: =SUM(D4:D52) -> 27800 | F54: =SUM(F4:F52) -> 373550 | G54: =SUM(G4:G53) -> 113000 | H54: =SUM(H4:H53) -> 460750 | I54: =SUM(I4:I53) -> 113000 | K54: =SUM(K4:K53) -> 171800 | L54: =SUM(L4:L53) -> 119200 | M54: =SUM(M4:M53) -> 178000 | N54: =SUM(N4:N53) -> 119200 | P54: =SUM(P4:P53) -> 27150 | Q54: =SUM(Q4:Q53) -> 180250 | R54: =SUM(R4:R53) -> 88200

Sheet GRADE 1
A2: NAME OF LEARNERS | F2: 1ST TERM | L2: 2ND TERM | Q2: 3RD TERM | S2: TOTAL | T2: BALANCE | U2: EXPECTED
B3: ADM | C3: B/D | D3: B/F | E3: FEES | F3: TOTAL | G3: BALANCE | H3: EXPECTED | I3: B/F | J3: FEES | K3: TOTAL | L3: BALANCE | M3: EXPECTED | N3: B/F | O3: FEES | P3: TOTAL | Q3: BALANCE | R3: EXPECTED
A4: STACY JEBIWOTT | B4: 0231 | C4: D | E4: 11500 | F4: =E4 -> 11500 | G4: =H4+D4-F4 -> 0 | H4: 11500 | I4: =G4 -> 0 | J4: 4000 | K4: =J4 -> 4000 | L4: =M4+I4-K4 -> 0 | M4: 4000 | N4: =L4 -> 0 | P4: =O4 -> 0 | Q4: =R4+N4-P4 -> 2000 | R4: 2000
A5: JAYSON KIPKEMBOI | B5: 0232 | C5: D | D5: 8500 | F5: =E5 -> 0 | G5: =H5+D5-F5 -> 20000 | H5: 11500 | I5: =G5 -> 20000 | K5: =J5 -> 0 | L5: =M5+I5-K5 -> 20000 | M5: 0 | N5: =L5 -> 20000 | P5: =O5 -> 0 | Q5: =R5+N5-P5 -> 20000 | R5: 0
A6: DYLAN KIMUTAI | B6: 0233 | C6: D | E6: 11500 | F6: =E6 -> 11500 | G6: =H6+D6-F6 -> 0 | H6: 11500 | I6: =G6 -> 0 | J6: 4000 | K6: =J6 -> 4000 | L6: =M6+I6-K6 -> 0 | M6: 4000 | N6: =L6 -> 0 | O6: 2000 | P6: =O6 -> 2000 | Q6: =R6+N6-P6 -> 0 | R6: 2000
A7: MARLIN KIPCHUMBA | B7: 0234 | C7: D | E7: 6650 | F7: =E7 -> 6650 | G7: =H7+D7-F7 -> 4850 | H7: 11500 | I7: =G7 -> 4850 | J7: 8850 | K7: =J7 -> 8850 | L7: =M7+I7-K7 -> 0 | M7: 4000 | N7: =L7 -> 0 | O7: 2000 | P7: =O7 -> 2000 | Q7: =R7+N7-P7 -> 0 | R7: 2000
A8: DANIELLA JEPKORIR | B8: 0235 | C8: D | E8: 11500 | F8: =E8 -> 11500 | G8: =H8+D8-F8 -> 0 | H8: 11500 | I8: =G8 -> 0 | J8: 4000 | K8: =J8 -> 4000 | L8: =M8+I8-K8 -> 0 | M8: 4000 | N8: =L8 -> 0 | P8: =O8 -> 0 | Q8: =R8+N8-P8 -> 2000 | R8: 2000
A9: JOYLEEN JEPKEMBOI | B9: 0236 | C9: D | F9: =E9 -> 0 | G9: =H9+D9-F9 -> 11500 | H9: 11500 | I9: =G9 -> 11500 | K9: =J9 -> 0 | L9: =M9+I9-K9 -> 11500 | M9: 0 | N9: =L9 -> 11500 | P9: =O9 -> 0 | Q9: =R9+N9-P9 -> 11500 | R9: 0
A10: LUVINER JEBET | B10: 0237 | C10: D | E10: 11500 | F10: =E10 -> 11500 | G10: =H10+D10-F10 -> 0 | H10: 11500 | I10: =G10 -> 0 | J10: 4000 | K10: =J10 -> 4000 | L10: =M10+I10-K10 -> 0 | M10: 4000 | N10: =L10 -> 0 | O10: 2000 | P10: =O10 -> 2000 | Q10: =R10+N10-P10 -> 0 | R10: 2000
A11: SHAPHAN KIPROP | B11: 0238 | C11: D | D11: 1000 | E11: 12500 | F11: =E11 -> 12500 | G11: =H11+D11-F11 -> 0 | H11: 11500 | I11: =G11 -> 0 | J11: 4000 | K11: =J11 -> 4000 | L11: =M11+I11-K11 -> 0 | M11: 4000 | N11: =L11 -> 0 | P11: =O11 -> 0 | Q11: =R11+N11-P11 -> 2000 | R11: 2000
A12: ABIGAEL JEPCHUMBA | B12: 0239 | C12: D | D12: 6400 | F12: =E12 -> 0 | G12: =H12+D12-F12 -> 17900 | H12: 11500 | I12: =G12 -> 17900 | K12: =J12 -> 0 | L12: =M12+I12-K12 -> 17900 | M12: 0 | N12: =L12 -> 17900 | P12: =O12 -> 0 | Q12: =R12+N12-P12 -> 17900 | R12: 0
A13: RYAN KIPROP | B13: 0240 | C13: D | E13: 7500 | F13: =E13 -> 7500 | G13: =H13+D13-F13 -> 4000 | H13: 11500 | I13: =G13 -> 4000 | K13: =J13 -> 0 | L13: =M13+I13-K13 -> 8000 | M13: 4000 | N13: =L13 -> 8000 | P13: =O13 -> 0 | Q13: =R13+N13-P13 -> 10000 | R13: 2000
A14: SHERYLINE JERONO | B14: 0241 | C14: D | E14: 10450 | F14: =E14 -> 10450 | G14: =H14+D14-F14 -> 1050 | H14: 11500 | I14: =G14 -> 1050 | J14: 5050 | K14: =J14 -> 5050 | L14: =M14+I14-K14 -> 0 | M14: 4000 | N14: =L14 -> 0 | O14: 2000 | P14: =O14 -> 2000 | Q14: =R14+N14-P14 -> 0 | R14: 2000
A15: DAISY JEROTICH | B15: 0242 | C15: D | D15: 5175 | F15: =E15 -> 0 | G15: =H15+D15-F15 -> 16675 | H15: 11500 | I15: =G15 -> 16675 | K15: =J15 -> 0 | L15: =M15+I15-K15 -> 16675 | M15: 0 | N15: =L15 -> 16675 | P15: =O15 -> 0 | Q15: =R15+N15-P15 -> 16675 | R15: 0
A16: ASHLEY JERUTO | B16: 0243 | C16: D | D16: 7500 | F16: =E16 -> 0 | G16: =H16+D16-F16 -> 19000 | H16: 11500 | I16: =G16 -> 19000 | K16: =J16 -> 0 | L16: =M16+I16-K16 -> 19000 | M16: 0 | N16: =L16 -> 19000 | P16: =O16 -> 0 | Q16: =R16+N16-P16 -> 19000 | R16: 0
A17: PRECIOUS JEPTOO | B17: 0244 | C17: D | E17: 9500 | F17: =E17 -> 9500 | G17: =H17+D17-F17 -> 2000 | H17: 11500 | I17: =G17 -> 2000 | J17: 6000 | K17: =J17 -> 6000 | L17: =M17+I17-K17 -> 0 | M17: 4000 | N17: =L17 -> 0 | P17: =O17 -> 0 | Q17: =R17+N17-P17 -> 2000 | R17: 2000
A18: SHANTEL JEPKOGEI | B18: 0245 | C18: D | E18: 11500 | F18: =E18 -> 11500 | G18: =H18+D18-F18 -> 0 | H18: 11500 | I18: =G18 -> 0 | J18: 4000 | K18: =J18 -> 4000 | L18: =M18+I18-K18 -> 0 | M18: 4000 | N18: =L18 -> 0 | O18: 1000 | P18: =O18 -> 1000 | Q18: =R18+N18-P18 -> 1000 | R18: 2000
A19: TIFANNIE DEBORAH | B19: 0246 | C19: D | E19: 15500 | F19: =E19 -> 15500 | G19: =H19+D19-F19 -> -4000 | H19: 11500 | I19: =G19 -> -4000 | J19: 2000 | K19: =J19 -> 2000 | L19: =M19+I19-K19 -> -2000 | M19: 4000 | N19: =L19 -> -2000 | P19: =O19 -> 0 | Q19: =R19+N19-P19 -> 0 | R19: 2000
A20: LAYLA CHEBET | B20: 0247 | C20: D | E20: 11500 | F20: =E20 -> 11500 | G20: =H20+D20-F20 -> 0 | H20: 11500 | I20: =G20 -> 0 | J20: 4000 | K20: =J20 -> 4000 | L20: =M20+I20-K20 -> 0 | M20: 4000 | N20: =L20 -> 0 | O20: 2000 | P20: =O20 -> 2000 | Q20: =R20+N20-P20 -> 0 | R20: 2000
A21: ETHAN KIMUTAI | B21: 0248 | C21: D | E21: 10450 | F21: =E21 -> 10450 | G21: =H21+D21-F21 -> 1050 | H21: 11500 | I21: =G21 -> 1050 | J21: 5050 | K21: =J21 -> 5050 | L21: =M21+I21-K21 -> 0 | M21: 4000 | N21: =L21 -> 0 | O21: 1000 | P21: =O21 -> 1000 | Q21: =R21+N21-P21 -> 1000 | R21: 2000
A22: BRITTNEY LEAH KEMBOI | B22: 0249 | C22: D | D22: 2000 | E22: 13500 | F22: =E22 -> 13500 | G22: =H22+D22-F22 -> 0 | H22: 11500 | I22: =G22 -> 0 | J22: 4000 | K22: =J22 -> 4000 | L22: =M22+I22-K22 -> 0 | M22: 4000 | N22: =L22 -> 0 | O22: 2000 | P22: =O22 -> 2000 | Q22: =R22+N22-P22 -> 0 | R22: 2000
A23: CAREN JEBET | B23: 0250 | C23: D | E23: 9850 | F23: =E23 -> 9850 | G23: =H23+D23-F23 -> 1650 | H23: 11500 | I23: =G23 -> 1650 | J23: 5650 | K23: =J23 -> 5650 | L23: =M23+I23-K23 -> 0 | M23: 4000 | N23: =L23 -> 0 | O23: 2000 | P23: =O23 -> 2000 | Q23: =R23+N23-P23 -> 0 | R23: 2000
A24: NICOLE CHIRCHIR | B24: 0251 | C24: D | E24: 11500 | F24: =E24 -> 11500 | G24: =H24+D24-F24 -> 0 | H24: 11500 | I24: =G24 -> 0 | J24: 4000 | K24: =J24 -> 4000 | L24: =M24+I24-K24 -> 0 | M24: 4000 | N24: =L24 -> 0 | O24: 2000 | P24: =O24 -> 2000 | Q24: =R24+N24-P24 -> 0 | R24: 2000
A25: ABIGAEL JELAGAT | B25: 0252 | C25: D | E25: 11500 | F25: =E25 -> 11500 | G25: =H25+D25-F25 -> 0 | H25: 11500 | I25: =G25 -> 0 | J25: 4000 | K25: =J25 -> 4000 | L25: =M25+I25-K25 -> 0 | M25: 4000 | N25: =L25 -> 0 | P25: =O25 -> 0 | Q25: =R25+N25-P25 -> 2000 | R25: 2000
A26: NATASHA JEBET BUSIENEI | B26: 0253 | C26: D | E26: 11500 | F26: =E26 -> 11500 | G26: =H26+D26-F26 -> 0 | H26: 11500 | I26: =G26 -> 0 | J26: 4000 | K26: =J26 -> 4000 | L26: =M26+I26-K26 -> 0 | M26: 4000 | N26: =L26 -> 0 | O26: 2000 | P26: =O26 -> 2000 | Q26: =R26+N26-P26 -> 0 | R26: 2000
A27: VINCENT KIPKEMBOI | B27: 0254 | C27: D | E27: 10700 | F27: =E27 -> 10700 | G27: =H27+D27-F27 -> 800 | H27: 11500 | I27: =G27 -> 800 | J27: 4800 | K27: =J27 -> 4800 | L27: =M27+I27-K27 -> 0 | M27: 4000 | N27: =L27 -> 0 | P27: =O27 -> 0 | Q27: =R27+N27-P27 -> 2000 | R27: 2000
A28: BLESSING JEMUTAI | B28: 0255 | C28: D | E28: 7000 | F28: =E28 -> 7000 | G28: =H28+D28-F28 -> 4500 | H28: 11500 | I28: =G28 -> 4500 | J28: 3000 | K28: =J28 -> 3000 | L28: =M28+I28-K28 -> 5500 | M28: 4000 | N28: =L28 -> 5500 | P28: =O28 -> 0 | Q28: =R28+N28-P28 -> 7500 | R28: 2000
A29: ALVIN KIPCHIRCHIR | B29: 0344 | C29: D | E29: 11500 | F29: =E29 -> 11500 | G29: =H29+D29-F29 -> 0 | H29: 11500 | I29: =G29 -> 0 | J29: 4000 | K29: =J29 -> 4000 | L29: =M29+I29-K29 -> 0 | M29: 4000 | N29: =L29 -> 0 | O29: 1150 | P29: =O29 -> 1150 | Q29: =R29+N29-P29 -> 850 | R29: 2000
A30: PRINCE LIAM KIPKOGEI | B30: 0345 | C30: D | E30: 10000 | F30: =E30 -> 10000 | G30: =H30+D30-F30 -> 1500 | H30: 11500 | I30: =G30 -> 1500 | J30: 5500 | K30: =J30 -> 5500 | L30: =M30+I30-K30 -> 0 | M30: 4000 | N30: =L30 -> 0 | P30: =O30 -> 0 | Q30: =R30+N30-P30 -> 2000 | R30: 2000
A31: VANISHA JEPTOO | B31: 0378 | C31: D | E31: 11500 | F31: =E31 -> 11500 | G31: =H31+D31-F31 -> 0 | H31: 11500 | I31: =G31 -> 0 | J31: 4000 | K31: =J31 -> 4000 | L31: =M31+I31-K31 -> 0 | M31: 4000 | N31: =L31 -> 0 | O31: 1000 | P31: =O31 -> 1000 | Q31: =R31+N31-P31 -> 1000 | R31: 2000
A32: EDDY KIPTOO | B32: 0334 | C32: D | E32: 6000 | F32: =E32 -> 6000 | G32: =H32+D32-F32 -> 5500 | H32: 11500 | I32: =G32 -> 5500 | J32: 9000 | K32: =J32 -> 9000 | L32: =M32+I32-K32 -> 500 | M32: 4000 | N32: =L32 -> 500 | O32: 2500 | P32: =O32 -> 2500 | Q32: =R32+N32-P32 -> 0 | R32: 2000
A33: ELIEZEAR KOECH | B33: 0328 | C33: D | E33: 11500 | F33: =E33 -> 11500 | G33: =H33+D33-F33 -> 0 | H33: 11500 | I33: =G33 -> 0 | J33: 4000 | K33: =J33 -> 4000 | L33: =M33+I33-K33 -> 0 | M33: 4000 | N33: =L33 -> 0 | P33: =O33 -> 0 | Q33: =R33+N33-P33 -> 2000 | R33: 2000
A34: GIDEON KIBET KOECH | B34: 0341 | C34: D | E34: 11500 | F34: =E34 -> 11500 | G34: =H34+D34-F34 -> 0 | H34: 11500 | I34: =G34 -> 0 | J34: 4000 | K34: =J34 -> 4000 | L34: =M34+I34-K34 -> 0 | M34: 4000 | N34: =L34 -> 0 | P34: =O34 -> 0 | Q34: =R34+N34-P34 -> 2000 | R34: 2000
A35: DORAH CHEROTICH | B35: 0352 | C35: D | E35: 11500 | F35: =E35 -> 11500 | G35: =H35+D35-F35 -> 0 | H35: 11500 | I35: =G35 -> 0 | J35: 4000 | K35: =J35 -> 4000 | L35: =M35+I35-K35 -> 0 | M35: 4000 | N35: =L35 -> 0 | O35: 2000 | P35: =O35 -> 2000 | Q35: =R35+N35-P35 -> 0 | R35: 2000
A36: EDEN KIMUTAI | B36: 0368 | C36: D | E36: 8000 | F36: =E36 -> 8000 | G36: =H36+D36-F36 -> 3500 | H36: 11500 | I36: =G36 -> 3500 | J36: 7500 | K36: =J36 -> 7500 | L36: =M36+I36-K36 -> 0 | M36: 4000 | N36: =L36 -> 0 | O36: 1200 | P36: =O36 -> 1200 | Q36: =R36+N36-P36 -> 800 | R36: 2000
A37: BRAVIN KIPKOECH TUM | B37: 0373 | C37: D | E37: 10950 | F37: =E37 -> 10950 | G37: =H37+D37-F37 -> 550 | H37: 11500 | I37: =G37 -> 550 | J37: 4550 | K37: =J37 -> 4550 | L37: =M37+I37-K37 -> 0 | M37: 4000 | N37: =L37 -> 0 | O37: 2000 | P37: =O37 -> 2000 | Q37: =R37+N37-P37 -> 0 | R37: 2000
A38: LOVISA IRIS NATO | B38: 0384 | C38: D | E38: 7500 | F38: =E38 -> 7500 | G38: =H38+D38-F38 -> 4000 | H38: 11500 | I38: =G38 -> 4000 | K38: =J38 -> 0 | L38: =M38+I38-K38 -> 4000 | M38: 0 | N38: =L38 -> 4000 | P38: =O38 -> 0 | Q38: =R38+N38-P38 -> 6000 | R38: 2000
A39: BRENDA CHEPCHUMBA | B39: 0389 | C39: D | E39: 11500 | F39: =E39 -> 11500 | G39: =H39+D39-F39 -> 0 | H39: 11500 | I39: =G39 -> 0 | J39: 4000 | K39: =J39 -> 4000 | L39: =M39+I39-K39 -> 0 | M39: 4000 | N39: =L39 -> 0 | P39: =O39 -> 0 | Q39: =R39+N39-P39 -> 2000 | R39: 2000
A40: BRIGHTON KIPRUTO | B40: 0415 | C40: D | E40: 11500 | F40: =E40 -> 11500 | G40: =H40+D40-F40 -> 0 | H40: 11500 | I40: =G40 -> 0 | J40: =3000+1000 -> 4000 | K40: =J40 -> 4000 | L40: =M40+I40-K40 -> 0 | M40: 4000 | N40: =L40 -> 0 | P40: =O40 -> 0 | Q40: =R40+N40-P40 -> 2000 | R40: 2000
A41: BLESSING CHEROP | B41: 0416 | C41: D | E41: 10400 | F41: =E41 -> 10400 | G41: =H41+D41-F41 -> 1100 | H41: 11500 | I41: =G41 -> 1100 | J41: =5050+50 -> 5100 | K41: =J41 -> 5100 | L41: =M41+I41-K41 -> 0 | M41: 4000 | N41: =L41 -> 0 | P41: =O41 -> 0 | Q41: =R41+N41-P41 -> 2000 | R41: 2000
A42: ARYAN CHEBET BOR | B42: 0412 | C42: D | E42: 11500 | F42: =E42 -> 11500 | G42: =H42+D42-F42 -> 0 | H42: 11500 | I42: =G42 -> 0 | J42: 3000 | K42: =J42 -> 3000 | L42: =M42+I42-K42 -> 1000 | M42: 4000 | N42: =L42 -> 1000 | P42: =O42 -> 0 | Q42: =R42+N42-P42 -> 3000 | R42: 2000
A43: NADIA JEPCHUMBA | B43: 0458 | C43: D | E43: 10150 | F43: =E43 -> 10150 | G43: =H43+D43-F43 -> 0 | H43: 10150 | I43: =G43 -> 0 | J43: 4000 | K43: =J43 -> 4000 | L43: =M43+I43-K43 -> 0 | M43: 4000 | N43: =L43 -> 0 | P43: =O43 -> 0 | Q43: =R43+N43-P43 -> 2000 | R43: 2000
A44: NILLAN COLE KIPROP | B44: 0464 | C44: D | E44: 0 | F44: =E44 -> 0 | G44: =H44+D44-F44 -> 0 | H44: 0 | I44: =G44 -> 0 | J44: 4000 | K44: =J44 -> 4000 | L44: =M44+I44-K44 -> 0 | M44: 4000 | N44: =L44 -> 0 | O44: 2000 | P44: =O44 -> 2000 | Q44: =R44+N44-P44 -> 0 | R44: 2000
A45: MICHELLE JEPTANUI | B45: 0467 | C45: D | F45: =E45 -> 0 | G45: =H45+D45-F45 -> 0 | H45: 0 | I45: =G45 -> 0 | J45: 6000 | K45: =J45 -> 6000 | L45: =M45+I45-K45 -> -2000 | M45: 4000 | N45: =L45 -> -2000 | P45: =O45 -> 0 | Q45: =R45+N45-P45 -> 0 | R45: 2000
A46: IDAH CHEPKORIR | B46: 0470 | C46: D | F46: =E46 -> 0 | G46: =H46+D46-F46 -> 0 | H46: 0 | I46: =G46 -> 0 | J46: 4000 | K46: =J46 -> 4000 | L46: =M46+I46-K46 -> 0 | M46: 4000 | N46: =L46 -> 0 | P46: =O46 -> 0 | Q46: =R46+N46-P46 -> 2000 | R46: 2000
A47: ISAAC SHISIA | B47: 0491 | C47: D | F47: =E47 -> 0 | G47: =H47+D47-F47 -> 0 | H47: 0 | I47: =G47 -> 0 | J47: 4000 | K47: =J47 -> 4000 | L47: =M47+I47-K47 -> 0 | M47: 4000 | N47: =L47 -> 0 | O47: 2000 | P47: =O47 -> 2000 | Q47: =R47+N47-P47 -> 0 | R47: 2000
A48: JEAN LIMO KIPKOSGEI | B48: 0498 | C48: D | F48: =E48 -> 0 | G48: =H48+D48-F48 -> 0 | H48: 0 | I48: =G48 -> 0 | J48: 4000 | K48: =J48 -> 4000 | L48: =M48+I48-K48 -> 0 | M48: 4000 | N48: =L48 -> 0 | O48: 1000 | P48: =O48 -> 1000 | Q48: =R48+N48-P48 -> 1000 | R48: 2000
A49: EMMET KIPROTICH | B49: 0501 | C49: D | F49: =E49 -> 0 | G49: =H49+D49-F49 -> 0 | H49: 0 | I49: =G49 -> 0 | J49: 2000 | K49: =J49 -> 2000 | L49: =M49+I49-K49 -> 0 | M49: 2000 | N49: =L49 -> 0 | O49: 2000 | P49: =O49 -> 2000 | Q49: =R49+N49-P49 -> 0 | R49: 2000
A50: TOTALS | D50: =SUM(D4:D42) -> 30575 | F50: =SUM(F4:F42) -> 361950 | G50: =SUM(G4:G42) -> 117125 | H50: =SUM(H4:H49) -> 458650 | I50: =G50 -> 117125 | K50: =SUM(K4:K49) -> 175050 | L50: =SUM(L4:L49) -> 100075 | M50: =SUM(M4:M49) -> 158000 | N50: =SUM(N4:N49) -> 100075 | P50: =SUM(P4:P49) -> 36850 | Q50: =SUM(Q4:Q49) -> 145225 | R50: =SUM(R4:R49) -> 82000

Sheet GRADE 2
F2: 1ST TERM | L2: 2ND TERM | Q2: 3RD TERM | S2: TOTAL | T2: BALANCE | U2: EXPECTED
A3: NAME OF LEARNER | B3: ADM | C3: B/D | D3: B/F | E3: FEES | F3: TOTAL | G3: BALANCE | H3: EXPECTED | I3: B/F | J3: FEES | K3: TOTAL | L3: BALANCE | M3: EXPECTED | N3: B/F | O3: FEES | P3: TOTAL | Q3: BALANCE | R3: EXPECTED
A4: BRAVE KIPRONO | B4: 0186 | C4: D | E4: 11500 | F4: =E4 -> 11500 | G4: =H4+D4-F4 -> 0 | H4: 11500 | I4: =G4 -> 0 | J4: 4000 | K4: =J4 -> 4000 | L4: =M4+I4-K4 -> 0 | M4: 4000 | N4: =L4 -> 0 | P4: =O4 -> 0 | Q4: =R4+N4-P4 -> 2000 | R4: 2000
A5: BILLY KIPCHIRCHIR | B5: 0187 | C5: D | E5: 5000 | F5: =E5 -> 5000 | G5: =H5+D5-F5 -> 6500 | H5: 11500 | I5: =G5 -> 6500 | J5: 9500 | K5: =J5 -> 9500 | L5: =M5+I5-K5 -> 1000 | M5: 4000 | N5: =L5 -> 1000 | O5: 3000 | P5: =O5 -> 3000 | Q5: =R5+N5-P5 -> 0 | R5: 2000
A6: SHERYL JEBET | B6: 0188 | C6: D | E6: 11500 | F6: =E6 -> 11500 | G6: =H6+D6-F6 -> 0 | H6: 11500 | I6: =G6 -> 0 | J6: 4000 | K6: =J6 -> 4000 | L6: =M6+I6-K6 -> 0 | M6: 4000 | N6: =L6 -> 0 | O6: 1000 | P6: =O6 -> 1000 | Q6: =R6+N6-P6 -> 1000 | R6: 2000
A7: FAITH JEPKEMBOI | B7: 0189 | C7: D | E7: 11000 | F7: =E7 -> 11000 | G7: =H7+D7-F7 -> 500 | H7: 11500 | I7: =G7 -> 500 | J7: 4500 | K7: =J7 -> 4500 | L7: =M7+I7-K7 -> 0 | M7: 4000 | N7: =L7 -> 0 | P7: =O7 -> 0 | Q7: =R7+N7-P7 -> 2000 | R7: 2000
A8: SHANTEL JEPKOECH | B8: 0190 | C8: D | E8: 11500 | F8: =E8 -> 11500 | G8: =H8+D8-F8 -> 0 | H8: 11500 | I8: =G8 -> 0 | J8: 4000 | K8: =J8 -> 4000 | L8: =M8+I8-K8 -> 0 | M8: 4000 | N8: =L8 -> 0 | P8: =O8 -> 0 | Q8: =R8+N8-P8 -> 2000 | R8: 2000
A9: DEBORAH JEPCHUMBA | B9: 0191 | C9: D | E9: 11500 | F9: =E9 -> 11500 | G9: =H9+D9-F9 -> 0 | H9: 11500 | I9: =G9 -> 0 | J9: 3000 | K9: =J9 -> 3000 | L9: =M9+I9-K9 -> 1000 | M9: 4000 | N9: =L9 -> 1000 | O9: 3000 | P9: =O9 -> 3000 | Q9: =R9+N9-P9 -> 0 | R9: 2000
A10: KEILAH JEPKOECH | B10: 0192 | C10: D | E10: 11500 | F10: =E10 -> 11500 | G10: =H10+D10-F10 -> 0 | H10: 11500 | I10: =G10 -> 0 | J10: 4000 | K10: =J10 -> 4000 | L10: =M10+I10-K10 -> 0 | M10: 4000 | N10: =L10 -> 0 | O10: 3300 | P10: =O10 -> 3300 | Q10: =R10+N10-P10 -> -1300 | R10: 2000
A11: FAITH JEPTOO | B11: 0193 | C11: D | E11: 11500 | F11: =E11 -> 11500 | G11: =H11+D11-F11 -> 0 | H11: 11500 | I11: =G11 -> 0 | J11: 4000 | K11: =J11 -> 4000 | L11: =M11+I11-K11 -> 0 | M11: 4000 | N11: =L11 -> 0 | P11: =O11 -> 0 | Q11: =R11+N11-P11 -> 2000 | R11: 2000
A12: BLESSING JEMUTAI | B12: 0194 | C12: D | F12: =E12 -> 0 | G12: =H12+D12-F12 -> 11500 | H12: 11500 | I12: =G12 -> 11500 | K12: =J12 -> 0 | L12: =M12+I12-K12 -> 11500 | M12: 0 | N12: =L12 -> 11500 | P12: =O12 -> 0 | Q12: =R12+N12-P12 -> 11500 | R12: 0
A13: BECKY JEROP | B13: 0195 | C13: D | E13: 11500 | F13: =E13 -> 11500 | G13: =H13+D13-F13 -> 0 | H13: 11500 | I13: =G13 -> 0 | J13: 6000 | K13: =J13 -> 6000 | L13: =M13+I13-K13 -> -2000 | M13: 4000 | N13: =L13 -> -2000 | P13: =O13 -> 0 | Q13: =R13+N13-P13 -> 0 | R13: 2000
A14: JAYDEN KIPCHUMBA | B14: 0196 | C14: D | E14: 6300 | F14: =E14 -> 6300 | G14: =H14+D14-F14 -> 5200 | H14: 11500 | I14: =G14 -> 5200 | J14: 9200 | K14: =J14 -> 9200 | L14: =M14+I14-K14 -> 0 | M14: 4000 | N14: =L14 -> 0 | P14: =O14 -> 0 | Q14: =R14+N14-P14 -> 2000 | R14: 2000
A15: BRAVINE KIPCHUMBA | B15: 0197 | C15: D | F15: =E15 -> 0 | G15: =H15+D15-F15 -> 11500 | H15: 11500 | I15: =G15 -> 11500 | K15: =J15 -> 0 | L15: =M15+I15-K15 -> 11500 | M15: 0 | N15: =L15 -> 11500 | P15: =O15 -> 0 | Q15: =R15+N15-P15 -> 11500 | R15: 0
A16: DENNIS KIPRONO | B16: 0198 | C16: D | E16: 15500 | F16: =E16 -> 15500 | G16: =H16+D16-F16 -> -4000 | H16: 11500 | I16: =G16 -> -4000 | K16: =J16 -> 0 | L16: =M16+I16-K16 -> 0 | M16: 4000 | N16: =L16 -> 0 | P16: =O16 -> 0 | Q16: =R16+N16-P16 -> 2000 | R16: 2000
A17: ALEXIS KIPKORIR | B17: 0199 | C17: D | D17: 1000 | E17: 5000 | F17: =E17 -> 5000 | G17: =H17+D17-F17 -> 7500 | H17: 11500 | I17: =G17 -> 7500 | J17: =2000+1000 -> 3000 | K17: =J17 -> 3000 | L17: =M17+I17-K17 -> 8500 | M17: 4000 | N17: =L17 -> 8500 | P17: =O17 -> 0 | Q17: =R17+N17-P17 -> 10500 | R17: 2000
A18: KELVIN KIPROP | B18: 0200 | C18: D | D18: 4775 | F18: =E18 -> 0 | G18: =H18+D18-F18 -> 16275 | H18: 11500 | I18: =G18 -> 16275 | K18: =J18 -> 0 | L18: =M18+I18-K18 -> 16275 | M18: 0 | N18: =L18 -> 16275 | P18: =O18 -> 0 | Q18: =R18+N18-P18 -> 16275 | R18: 0
A19: BRADLINE KIPROP | B19: 0201 | C19: D | E19: 11500 | F19: =E19 -> 11500 | G19: =H19+D19-F19 -> 0 | H19: 11500 | I19: =G19 -> 0 | J19: 4000 | K19: =J19 -> 4000 | L19: =M19+I19-K19 -> 0 | M19: 4000 | N19: =L19 -> 0 | P19: =O19 -> 0 | Q19: =R19+N19-P19 -> 2000 | R19: 2000
A20: BERYL JEPKURUI | B20: 0202 | C20: D | E20: 6000 | F20: =E20 -> 6000 | G20: =H20+D20-F20 -> 5500 | H20: 11500 | I20: =G20 -> 5500 | J20: 3000 | K20: =J20 -> 3000 | L20: =M20+I20-K20 -> 6500 | M20: 4000 | N20: =L20 -> 6500 | O20: 6000 | P20: =O20 -> 6000 | Q20: =R20+N20-P20 -> 2500 | R20: 2000
A21: BRAVINE KIPROTICH | B21: 0203 | C21: D | E21: 11500 | F21: =E21 -> 11500 | G21: =H21+D21-F21 -> 0 | H21: 11500 | I21: =G21 -> 0 | J21: 4000 | K21: =J21 -> 4000 | L21: =M21+I21-K21 -> 0 | M21: 4000 | N21: =L21 -> 0 | P21: =O21 -> 0 | Q21: =R21+N21-P21 -> 2000 | R21: 2000
A22: JOY JELANGAT | B22: 0204 | C22: D | E22: 5150 | F22: =E22 -> 5150 | G22: =H22+D22-F22 -> 6350 | H22: 11500 | I22: =G22 -> 6350 | J22: 10350 | K22: =J22 -> 10350 | L22: =M22+I22-K22 -> 0 | M22: 4000 | N22: =L22 -> 0 | P22: =O22 -> 0 | Q22: =R22+N22-P22 -> 2000 | R22: 2000
A23: RUBBY JERONO | B23: 0205 | C23: D | E23: 10650 | F23: =E23 -> 10650 | G23: =H23+D23-F23 -> 850 | H23: 11500 | I23: =G23 -> 850 | J23: 4850 | K23: =J23 -> 4850 | L23: =M23+I23-K23 -> 0 | M23: 4000 | N23: =L23 -> 0 | P23: =O23 -> 0 | Q23: =R23+N23-P23 -> 2000 | R23: 2000
A24: EVANS KIPTOO | B24: 0206 | C24: D | E24: 11150 | F24: =E24 -> 11150 | G24: =H24+D24-F24 -> 350 | H24: 11500 | I24: =G24 -> 350 | J24: 4350 | K24: =J24 -> 4350 | L24: =M24+I24-K24 -> 0 | M24: 4000 | N24: =L24 -> 0 | P24: =O24 -> 0 | Q24: =R24+N24-P24 -> 2000 | R24: 2000
A25: ELI TOO KIPRUTO | B25: 0207 | C25: D | E25: 11500 | F25: =E25 -> 11500 | G25: =H25+D25-F25 -> 0 | H25: 11500 | I25: =G25 -> 0 | J25: 4000 | K25: =J25 -> 4000 | L25: =M25+I25-K25 -> 0 | M25: 4000 | N25: =L25 -> 0 | P25: =O25 -> 0 | Q25: =R25+N25-P25 -> 2000 | R25: 2000
A26: JAPHET KIPROP | B26: 0208 | C26: D | E26: 11500 | F26: =E26 -> 11500 | G26: =H26+D26-F26 -> 0 | H26: 11500 | I26: =G26 -> 0 | J26: 4000 | K26: =J26 -> 4000 | L26: =M26+I26-K26 -> 0 | M26: 4000 | N26: =L26 -> 0 | O26: 1000 | P26: =O26 -> 1000 | Q26: =R26+N26-P26 -> 1000 | R26: 2000
A27: KYLIAN KIPNG’ENO | B27: 0209 | C27: D | E27: 11500 | F27: =E27 -> 11500 | G27: =H27+D27-F27 -> 0 | H27: 11500 | I27: =G27 -> 0 | J27: 4000 | K27: =J27 -> 4000 | L27: =M27+I27-K27 -> 0 | M27: 4000 | N27: =L27 -> 0 | P27: =O27 -> 0 | Q27: =R27+N27-P27 -> 2000 | R27: 2000
A28: ADRIAN KIPTOO | B28: 0210 | C28: D | E28: 11500 | F28: =E28 -> 11500 | G28: =H28+D28-F28 -> 0 | H28: 11500 | I28: =G28 -> 0 | J28: =3500+500 -> 4000 | K28: =J28 -> 4000 | L28: =M28+I28-K28 -> 0 | M28: 4000 | N28: =L28 -> 0 | P28: =O28 -> 0 | Q28: =R28+N28-P28 -> 2000 | R28: 2000
A29: JIBRAN KIGEN | B29: 0211 | C29: D | E29: 11500 | F29: =E29 -> 11500 | G29: =H29+D29-F29 -> 0 | H29: 11500 | I29: =G29 -> 0 | J29: 4000 | K29: =J29 -> 4000 | L29: =M29+I29-K29 -> 0 | M29: 4000 | N29: =L29 -> 0 | P29: =O29 -> 0 | Q29: =R29+N29-P29 -> 2000 | R29: 2000
A30: MITCHELLE JELIMO TANUI | B30: 0212 | C30: D | E30: 17500 | F30: =E30 -> 17500 | G30: =H30+D30-F30 -> -6000 | H30: 11500 | I30: =G30 -> -6000 | K30: =J30 -> 0 | L30: =M30+I30-K30 -> -2000 | M30: 4000 | N30: =L30 -> -2000 | P30: =O30 -> 0 | Q30: =R30+N30-P30 -> 0 | R30: 2000
A31: ABIGAEL JEROTICH | B31: 0213 | C31: D | E31: 11500 | F31: =E31 -> 11500 | G31: =H31+D31-F31 -> 0 | H31: 11500 | I31: =G31 -> 0 | J31: 4000 | K31: =J31 -> 4000 | L31: =M31+I31-K31 -> 0 | M31: 4000 | N31: =L31 -> 0 | P31: =O31 -> 0 | Q31: =R31+N31-P31 -> 2000 | R31: 2000
A32: ABIDAH JELIMO | B32: 0214 | C32: D | E32: 11500 | F32: =E32 -> 11500 | G32: =H32+D32-F32 -> 0 | H32: 11500 | I32: =G32 -> 0 | J32: 4000 | K32: =J32 -> 4000 | L32: =M32+I32-K32 -> 0 | M32: 4000 | N32: =L32 -> 0 | P32: =O32 -> 0 | Q32: =R32+N32-P32 -> 2000 | R32: 2000
A33: MAYA SOGOMO JEBET | B33: 0215 | C33: D | E33: 9650 | F33: =E33 -> 9650 | G33: =H33+D33-F33 -> 1850 | H33: 11500 | I33: =G33 -> 1850 | J33: 7650 | K33: =J33 -> 7650 | L33: =M33+I33-K33 -> -1800 | M33: 4000 | N33: =L33 -> -1800 | P33: =O33 -> 0 | Q33: =R33+N33-P33 -> 200 | R33: 2000
A34: FANUEL KIPCHIRCHIR | B34: 0216 | C34: D | E34: 10000 | F34: =E34 -> 10000 | G34: =H34+D34-F34 -> 1500 | H34: 11500 | I34: =G34 -> 1500 | J34: 5500 | K34: =J34 -> 5500 | L34: =M34+I34-K34 -> 0 | M34: 4000 | N34: =L34 -> 0 | P34: =O34 -> 0 | Q34: =R34+N34-P34 -> 2000 | R34: 2000
A35: CLAIRE JEPCHIRCHIR | B35: 0217 | C35: D | E35: 11500 | F35: =E35 -> 11500 | G35: =H35+D35-F35 -> 0 | H35: 11500 | I35: =G35 -> 0 | J35: 6000 | K35: =J35 -> 6000 | L35: =M35+I35-K35 -> -2000 | M35: 4000 | N35: =L35 -> -2000 | P35: =O35 -> 0 | Q35: =R35+N35-P35 -> 0 | R35: 2000
A36: JOY JEPKORIR | B36: 0218 | C36: D | E36: 9750 | F36: =E36 -> 9750 | G36: =H36+D36-F36 -> 1750 | H36: 11500 | I36: =G36 -> 1750 | J36: =4750+1000 -> 5750 | K36: =J36 -> 5750 | L36: =M36+I36-K36 -> 0 | M36: 4000 | N36: =L36 -> 0 | P36: =O36 -> 0 | Q36: =R36+N36-P36 -> 2000 | R36: 2000
A37: ESSY JOY JEBET | B37: 0219 | C37: D | E37: 11500 | F37: =E37 -> 11500 | G37: =H37+D37-F37 -> 0 | H37: 11500 | I37: =G37 -> 0 | J37: 4000 | K37: =J37 -> 4000 | L37: =M37+I37-K37 -> 0 | M37: 4000 | N37: =L37 -> 0 | P37: =O37 -> 0 | Q37: =R37+N37-P37 -> 2000 | R37: 2000
A38: WAYNE KIPKORIR | B38: 0220 | C38: D | E38: 10000 | F38: =E38 -> 10000 | G38: =H38+D38-F38 -> 1500 | H38: 11500 | I38: =G38 -> 1500 | J38: =3000+500 -> 3500 | K38: =J38 -> 3500 | L38: =M38+I38-K38 -> 2000 | M38: 4000 | N38: =L38 -> 2000 | P38: =O38 -> 0 | Q38: =R38+N38-P38 -> 4000 | R38: 2000
A39: BLESSING JELAGAT | B39: 0221 | C39: D | E39: 11500 | F39: =E39 -> 11500 | G39: =H39+D39-F39 -> 0 | H39: 11500 | I39: =G39 -> 0 | J39: 4000 | K39: =J39 -> 4000 | L39: =M39+I39-K39 -> 0 | M39: 4000 | N39: =L39 -> 0 | P39: =O39 -> 0 | Q39: =R39+N39-P39 -> 2000 | R39: 2000
A40: TRACY JELIMO | B40: 0222 | C40: D | D40: 2000 | E40: 11500 | F40: =E40 -> 11500 | G40: =H40+D40-F40 -> 2000 | H40: 11500 | I40: =G40 -> 2000 | K40: =J40 -> 0 | L40: =M40+I40-K40 -> 6000 | M40: 4000 | N40: =L40 -> 6000 | P40: =O40 -> 0 | Q40: =R40+N40-P40 -> 8000 | R40: 2000
A41: LEWIS LETTING | B41: 0223 | C41: D | D41: 2000 | F41: =E41 -> 0 | G41: =H41+D41-F41 -> 13500 | H41: 11500 | I41: =G41 -> 13500 | K41: =J41 -> 0 | L41: =M41+I41-K41 -> 13500 | M41: 0 | N41: =L41 -> 13500 | P41: =O41 -> 0 | Q41: =R41+N41-P41 -> 13500 | R41: 0
A42: TRAVIS KIPKEMBOI | B42: 0224 | C42: D | E42: 11500 | F42: =E42 -> 11500 | G42: =H42+D42-F42 -> 0 | H42: 11500 | I42: =G42 -> 0 | J42: 4000 | K42: =J42 -> 4000 | L42: =M42+I42-K42 -> 0 | M42: 4000 | N42: =L42 -> 0 | O42: 2000 | P42: =O42 -> 2000 | Q42: =R42+N42-P42 -> 0 | R42: 2000
A43: ELI KIPCHUMBA | B43: 0225 | C43: D | E43: 2950 | F43: =E43 -> 2950 | G43: =H43+D43-F43 -> 5100 | H43: 8050 | I43: =G43 -> 5100 | J43: 8000 | K43: =J43 -> 8000 | L43: =M43+I43-K43 -> -100 | M43: 2800 | N43: =L43 -> -100 | O43: 2000 | P43: =O43 -> 2000 | Q43: =R43+N43-P43 -> -700 | R43: 1400
A44: FLORENCE JEPKOSGEI | B44: 0226 | C44: D | E44: 11500 | F44: =E44 -> 11500 | G44: =H44+D44-F44 -> 0 | H44: 11500 | I44: =G44 -> 0 | J44: 4000 | K44: =J44 -> 4000 | L44: =M44+I44-K44 -> 0 | M44: 4000 | N44: =L44 -> 0 | O44: 2000 | P44: =O44 -> 2000 | Q44: =R44+N44-P44 -> 0 | R44: 2000
A45: SKYLLAR JEPTOO | B45: 0227 | C45: D | E45: 11500 | F45: =E45 -> 11500 | G45: =H45+D45-F45 -> 0 | H45: 11500 | I45: =G45 -> 0 | K45: =J45 -> 0 | L45: =M45+I45-K45 -> 0 | M45: 0 | N45: =L45 -> 0 | P45: =O45 -> 0 | Q45: =R45+N45-P45 -> 2000 | R45: 2000
A46: NICOLE JEMUTAI | B46: 0228 | C46: D | E46: 10500 | F46: =E46 -> 10500 | G46: =H46+D46-F46 -> 1000 | H46: 11500 | I46: =G46 -> 1000 | J46: 4500 | K46: =J46 -> 4500 | L46: =M46+I46-K46 -> 500 | M46: 4000 | N46: =L46 -> 500 | P46: =O46 -> 0 | Q46: =R46+N46-P46 -> 2500 | R46: 2000
A47: ELSIE CHERUTO | B47: 0229 | C47: D | E47: 10750 | F47: =E47 -> 10750 | G47: =H47+D47-F47 -> 750 | H47: 11500 | I47: =G47 -> 750 | J47: 4750 | K47: =J47 -> 4750 | L47: =M47+I47-K47 -> 0 | M47: 4000 | N47: =L47 -> 0 | P47: =O47 -> 0 | Q47: =R47+N47-P47 -> 2000 | R47: 2000
A48: LEROY SOROBIT | B48: 0411 | C48: D | E48: 8300 | F48: =E48 -> 8300 | G48: =H48+D48-F48 -> 3200 | H48: 11500 | I48: =G48 -> 3200 | J48: 4200 | K48: =J48 -> 4200 | L48: =M48+I48-K48 -> 3000 | M48: 4000 | N48: =L48 -> 3000 | O48: 3000 | P48: =O48 -> 3000 | Q48: =R48+N48-P48 -> 2000 | R48: 2000
A49: ALVINE KIGARO | B49: 0393 | C49: D | E49: 9500 | F49: =E49 -> 9500 | G49: =H49+D49-F49 -> 2000 | H49: 11500 | I49: =G49 -> 2000 | J49: 5000 | K49: =J49 -> 5000 | L49: =M49+I49-K49 -> 1000 | M49: 4000 | N49: =L49 -> 1000 | O49: 1000 | P49: =O49 -> 1000 | Q49: =R49+N49-P49 -> 2000 | R49: 2000
A50: AMELIA JEPKOGEI | B50: 0398 | C50: D | E50: 11500 | F50: =E50 -> 11500 | G50: =H50+D50-F50 -> 0 | H50: 11500 | I50: =G50 -> 0 | J50: 4000 | K50: =J50 -> 4000 | L50: =M50+I50-K50 -> 0 | M50: 4000 | N50: =L50 -> 0 | O50: 2000 | P50: =O50 -> 2000 | Q50: =R50+N50-P50 -> 0 | R50: 2000
A51: SHANNICE JELAGAT | B51: 0396 | C51: D | E51: 11500 | F51: =E51 -> 11500 | G51: =H51+D51-F51 -> 0 | H51: 11500 | I51: =G51 -> 0 | J51: 6000 | K51: =J51 -> 6000 | L51: =M51+I51-K51 -> -2000 | M51: 4000 | N51: =L51 -> -2000 | P51: =O51 -> 0 | Q51: =R51+N51-P51 -> 0 | R51: 2000
A52: BLESSING JELIMO KOSGEI | B52: 0431 | C52: D | E52: 10750 | F52: =E52 -> 10750 | G52: =H52+D52-F52 -> 750 | H52: 11500 | I52: =G52 -> 750 | J52: =2000+1250 -> 3250 | K52: =J52 -> 3250 | L52: =M52+I52-K52 -> 1500 | M52: 4000 | N52: =L52 -> 1500 | P52: =O52 -> 0 | Q52: =R52+N52-P52 -> 3500 | R52: 2000
A53: FAITH JEBICHII | B53: 0332 | C53: D | E53: 11500 | F53: =E53 -> 11500 | G53: =H53+D53-F53 -> 0 | H53: 11500 | I53: =G53 -> 0 | J53: 4000 | K53: =J53 -> 4000 | L53: =M53+I53-K53 -> 0 | M53: 4000 | N53: =L53 -> 0 | O53: 1000 | P53: =O53 -> 1000 | Q53: =R53+N53-P53 -> 1000 | R53: 2000
A54: DOREEN JEPLETTING | B54: 0432 | C54: D | E54: 11500 | F54: =E54 -> 11500 | G54: =H54+D54-F54 -> 0 | H54: 11500 | I54: =G54 -> 0 | J54: 4000 | K54: =J54 -> 4000 | L54: =M54+I54-K54 -> 0 | M54: 4000 | N54: =L54 -> 0 | P54: =O54 -> 0 | Q54: =R54+N54-P54 -> 2000 | R54: 2000
A55: GLORIA CHEPNG’ENO | B55: 0413 | C55: D | E55: 11500 | F55: =E55 -> 11500 | G55: =H55+D55-F55 -> 0 | H55: 11500 | I55: =G55 -> 0 | J55: 4000 | K55: =J55 -> 4000 | L55: =M55+I55-K55 -> 0 | M55: 4000 | N55: =L55 -> 0 | O55: 2000 | P55: =O55 -> 2000 | Q55: =R55+N55-P55 -> 0 | R55: 2000
A56: IVY CHERUTO | B56: 0365 | C56: D | E56: 11500 | F56: =E56 -> 11500 | G56: =H56+D56-F56 -> 0 | H56: 11500 | I56: =G56 -> 0 | J56: 4000 | K56: =J56 -> 4000 | L56: =M56+I56-K56 -> 0 | M56: 4000 | N56: =L56 -> 0 | P56: =O56 -> 0 | Q56: =R56+N56-P56 -> 2000 | R56: 2000
A57: MERCY JEPKOECH | B57: 0433 | C57: D | E57: 11500 | F57: =E57 -> 11500 | G57: =H57+D57-F57 -> 0 | H57: 11500 | I57: =G57 -> 0 | J57: 3000 | K57: =J57 -> 3000 | L57: =M57+I57-K57 -> 1000 | M57: 4000 | N57: =L57 -> 1000 | P57: =O57 -> 0 | Q57: =R57+N57-P57 -> 3000 | R57: 2000
A58: BRANICE JELAGAT | B58: 0366 | C58: D | E58: 11500 | F58: =E58 -> 11500 | G58: =H58+D58-F58 -> 0 | H58: 11500 | I58: =G58 -> 0 | J58: 4000 | K58: =J58 -> 4000 | L58: =M58+I58-K58 -> 0 | M58: 4000 | N58: =L58 -> 0 | P58: =O58 -> 0 | Q58: =R58+N58-P58 -> 2000 | R58: 2000
A59: JASON ODHIAMBO | B59: 0475 | C59: D | F59: =E59 -> 0 | G59: =H59+D59-F59 -> 0 | H59: 0 | I59: =G59 -> 0 | J59: 6000 | K59: =J59 -> 6000 | L59: =M59+I59-K59 -> -2000 | M59: 4000 | N59: =L59 -> -2000 | P59: =O59 -> 0 | Q59: =R59+N59-P59 -> 0 | R59: 2000
A60: MELVIN JEPKORIR | B60: 0483 | C60: D | F60: =E60 -> 0 | G60: =H60+D60-F60 -> 0 | H60: 0 | I60: =G60 -> 0 | J60: 1400 | K60: =J60 -> 1400 | L60: =M60+I60-K60 -> 2600 | M60: 4000 | N60: =L60 -> 2600 | P60: =O60 -> 0 | Q60: =R60+N60-P60 -> 4600 | R60: 2000
A61: IVAN KURUI | B61: 0516 | C61: D | F61: =E61 -> 0 | G61: =H61+D61-F61 -> 0 | H61: 0 | I61: =G61 -> 0 | J61: 0 | K61: =J61 -> 0 | L61: =M61+I61-K61 -> 0 | M61: 0 | N61: =L61 -> 0 | O61: 800 | P61: =O61 -> 800 | Q61: =R61+N61-P61 -> 1200 | R61: 2000
A62: TOTALS | D62: =SUM(D4:D58) -> 9775 | F62: =SUM(F4:F58) -> 541900 | G62: =SUM(G4:G58) -> 96925 | H62: =SUM(H4:H61) -> 629050 | I62: =G62 -> 96925 | K62: =SUM(K4:K60) -> 228250 | L62: =SUM(L4:L61) -> 75475 | M62: =SUM(M4:M61) -> 206800 | N62: =L62 -> 75475 | P62: =SUM(P4:P61) -> 33100 | Q62: =SUM(Q4:Q61) -> 149775 | R62: =SUM(R4:R61) -> 107400

Sheet GRADE 3
A2: NAME OF LEARNER | F2: 1ST TERM | L2: 2ND TERM | Q2: 3RD TERM | S2: TOTAL | T2: BALANCE | U2: EXPECTED
B3: ADM | C3: B/D | D3: B/F | E3: FEES | F3: TOTAL | G3: BALANCE | H3: EXPECTED | I3: B/F | J3: FEES | K3: TOTAL | L3: BALANCE | M3: EXPECTED | N3: B/F | O3: FEES | P3: TOTAL | Q3: BALANCE | R3: EXPECTED
A4: SANDRAH JEPKOECH RONO | B4: 0137 | C4: D | E4: 11500 | F4: =E4 -> 11500 | G4: =H4+D4-F4 -> 0 | H4: 11500 | I4: =G4 -> 0 | J4: 4000 | K4: =J4 -> 4000 | L4: =M4+I4-K4 -> 0 | M4: 4000 | N4: =L4 -> 0 | O4: 2000 | P4: =O4 -> 2000 | Q4: =N4+R4-P4 -> 0 | R4: 2000
A5: DAVID KIPROP KOGEI | B5: 0138 | C5: D | E5: 11500 | F5: =E5 -> 11500 | G5: =H5+D5-F5 -> 0 | H5: 11500 | I5: =G5 -> 0 | J5: 4000 | K5: =J5 -> 4000 | L5: =M5+I5-K5 -> 0 | M5: 4000 | N5: =L5 -> 0 | P5: =O5 -> 0 | Q5: =N5+R5-P5 -> 2000 | R5: 2000
A6: ROY KIPRUTO KIMELI | B6: 0139 | C6: D | E6: 11500 | F6: =E6 -> 11500 | G6: =H6+D6-F6 -> 0 | H6: 11500 | I6: =G6 -> 0 | J6: 2000 | K6: =J6 -> 2000 | L6: =M6+I6-K6 -> 2000 | M6: 4000 | N6: =L6 -> 2000 | O6: 2000 | P6: =O6 -> 2000 | Q6: =N6+R6-P6 -> 2000 | R6: 2000
A7: TRACY JEROP | B7: 0140 | C7: D | E7: 5000 | F7: =E7 -> 5000 | G7: =H7+D7-F7 -> 6500 | H7: 11500 | I7: =G7 -> 6500 | J7: 9500 | K7: =J7 -> 9500 | L7: =M7+I7-K7 -> 1000 | M7: 4000 | N7: =L7 -> 1000 | O7: 3000 | P7: =O7 -> 3000 | Q7: =N7+R7-P7 -> 0 | R7: 2000
A8: BRIVIN KIBET MELLY | B8: 0141 | C8: D | E8: 10000 | F8: =E8 -> 10000 | G8: =H8+D8-F8 -> 1500 | H8: 11500 | I8: =G8 -> 1500 | J8: 4750 | K8: =J8 -> 4750 | L8: =M8+I8-K8 -> 750 | M8: 4000 | N8: =L8 -> 750 | P8: =O8 -> 0 | Q8: =N8+R8-P8 -> 2750 | R8: 2000
A9: RYAN KIMUTAI KALYA | B9: 0142 | C9: D | E9: 10150 | F9: =E9 -> 10150 | G9: =H9+D9-F9 -> 1350 | H9: 11500 | I9: =G9 -> 1350 | J9: 5350 | K9: =J9 -> 5350 | L9: =M9+I9-K9 -> 0 | M9: 4000 | N9: =L9 -> 0 | P9: =O9 -> 0 | Q9: =N9+R9-P9 -> 2000 | R9: 2000
A10: BRYSON KIPCHUMBA | B10: 0143 | C10: D | E10: 11500 | F10: =E10 -> 11500 | G10: =H10+D10-F10 -> 0 | H10: 11500 | I10: =G10 -> 0 | J10: 4000 | K10: =J10 -> 4000 | L10: =M10+I10-K10 -> 0 | M10: 4000 | N10: =L10 -> 0 | O10: 2000 | P10: =O10 -> 2000 | Q10: =N10+R10-P10 -> 0 | R10: 2000
A11: LINUS KIPTOO | B11: 0144 | C11: D | E11: 9000 | F11: =E11 -> 9000 | G11: =H11+D11-F11 -> 2500 | H11: 11500 | I11: =G11 -> 2500 | J11: 6500 | K11: =J11 -> 6500 | L11: =M11+I11-K11 -> 0 | M11: 4000 | N11: =L11 -> 0 | P11: =O11 -> 0 | Q11: =N11+R11-P11 -> 2000 | R11: 2000
A12: ABEL KIMUTAI | B12: 0145 | C12: D | E12: 11500 | F12: =E12 -> 11500 | G12: =H12+D12-F12 -> 0 | H12: 11500 | I12: =G12 -> 0 | J12: 4000 | K12: =J12 -> 4000 | L12: =M12+I12-K12 -> 0 | M12: 4000 | N12: =L12 -> 0 | P12: =O12 -> 0 | Q12: =N12+R12-P12 -> 2000 | R12: 2000
A13: FIDEL KIPRUTO TANUI | B13: 0146 | C13: D | D13: 50 | E13: 8000 | F13: =E13 -> 8000 | G13: =H13+D13-F13 -> 3550 | H13: 11500 | I13: =G13 -> 3550 | J13: 4000 | K13: =J13 -> 4000 | L13: =M13+I13-K13 -> 3550 | M13: 4000 | N13: =L13 -> 3550 | P13: =O13 -> 0 | Q13: =N13+R13-P13 -> 5550 | R13: 2000
A14: JAYDEN KIGEN | B14: 0147 | C14: D | D14: 3250 | F14: =E14 -> 0 | G14: =H14+D14-F14 -> 14750 | H14: 11500 | I14: =G14 -> 14750 | K14: =J14 -> 0 | L14: =M14+I14-K14 -> 18750 | M14: 4000 | N14: =L14 -> 18750 | P14: =O14 -> 0 | Q14: =N14+R14-P14 -> 18750 | R14: 0
A15: AMON KIPCHIRHIR | B15: 0148 | C15: D | E15: 11500 | F15: =E15 -> 11500 | G15: =H15+D15-F15 -> 0 | H15: 11500 | I15: =G15 -> 0 | J15: 4000 | K15: =J15 -> 4000 | L15: =M15+I15-K15 -> 0 | M15: 4000 | N15: =L15 -> 0 | P15: =O15 -> 0 | Q15: =N15+R15-P15 -> 2000 | R15: 2000
A16: DEBRA CHEROP | B16: 0149 | C16: D | E16: 11500 | F16: =E16 -> 11500 | G16: =H16+D16-F16 -> 0 | H16: 11500 | I16: =G16 -> 0 | J16: 4000 | K16: =J16 -> 4000 | L16: =M16+I16-K16 -> 0 | M16: 4000 | N16: =L16 -> 0 | P16: =O16 -> 0 | Q16: =N16+R16-P16 -> 2000 | R16: 2000
A17: BLESSING JEPKOECH KIPROP | B17: 0150 | C17: D | D17: 2975 | E17: 9535 | F17: =E17 -> 9535 | G17: =H17+D17-F17 -> 4940 | H17: 11500 | I17: =G17 -> 4940 | J17: 2410 | K17: =J17 -> 2410 | L17: =M17+I17-K17 -> 6530 | M17: 4000 | N17: =L17 -> 6530 | O17: 3500 | P17: =O17 -> 3500 | Q17: =N17+R17-P17 -> 5030 | R17: 2000
A18: SHIRLEEN JEPCHUMBA KEMEI | B18: 0151 | C18: D | F18: =E18 -> 0 | G18: =H18+D18-F18 -> 11500 | H18: 11500 | I18: =G18 -> 11500 | K18: =J18 -> 0 | L18: =M18+I18-K18 -> 11500 | M18: 0 | N18: =L18 -> 11500 | P18: =O18 -> 0 | Q18: =N18+R18-P18 -> 11500 | R18: 0
A19: FAITH JEPKEMEI YEGO | B19: 0152 | C19: D | D19: 7500 | E19: 7800 | F19: =E19 -> 7800 | G19: =H19+D19-F19 -> 7750 | H19: 8050 | I19: =G19 -> 7750 | J19: 6000 | K19: =J19 -> 6000 | L19: =M19+I19-K19 -> 4550 | M19: 2800 | N19: =L19 -> 4550 | O19: 2900 | P19: =O19 -> 2900 | Q19: =N19+R19-P19 -> 3050 | R19: 1400
A20: BLESSING JEBICHII | B20: 0153 | C20: D | E20: 11500 | F20: =E20 -> 11500 | G20: =H20+D20-F20 -> 0 | H20: 11500 | I20: =G20 -> 0 | J20: =2800+1200 -> 4000 | K20: =J20 -> 4000 | L20: =M20+I20-K20 -> 0 | M20: 4000 | N20: =L20 -> 0 | O20: 1000 | P20: =O20 -> 1000 | Q20: =N20+R20-P20 -> 1000 | R20: 2000
A21: BLESSING JEROTICH | B21: 0154 | C21: D | E21: 8350 | F21: =E21 -> 8350 | G21: =H21+D21-F21 -> 3150 | H21: 11500 | I21: =G21 -> 3150 | J21: =1000+3600 -> 4600 | K21: =J21 -> 4600 | L21: =M21+I21-K21 -> 2550 | M21: 4000 | N21: =L21 -> 2550 | O21: 900 | P21: =O21 -> 900 | Q21: =N21+R21-P21 -> 3650 | R21: 2000
A22: ABIGAEL JERUTO | B22: 0155 | C22: D | E22: 11500 | F22: =E22 -> 11500 | G22: =H22+D22-F22 -> 0 | H22: 11500 | I22: =G22 -> 0 | J22: 4000 | K22: =J22 -> 4000 | L22: =M22+I22-K22 -> 0 | M22: 4000 | N22: =L22 -> 0 | P22: =O22 -> 0 | Q22: =N22+R22-P22 -> 2000 | R22: 2000
A23: BLESSING JEPCHUMBA TANUI | B23: 0156 | C23: D | F23: =E23 -> 0 | G23: =H23+D23-F23 -> 11500 | H23: 11500 | I23: =G23 -> 11500 | K23: =J23 -> 0 | L23: =M23+I23-K23 -> 11500 | M23: 0 | N23: =L23 -> 11500 | P23: =O23 -> 0 | Q23: =N23+R23-P23 -> 11500 | R23: 0
A24: RYAN KIPLIMO | B24: 0157 | C24: D | F24: =E24 -> 0 | G24: =H24+D24-F24 -> 11500 | H24: 11500 | I24: =G24 -> 11500 | K24: =J24 -> 0 | L24: =M24+I24-K24 -> 11500 | M24: 0 | N24: =L24 -> 11500 | P24: =O24 -> 0 | Q24: =N24+R24-P24 -> 11500 | R24: 0
A25: ESRA KIPCHUMBA LAGAT | B25: 0158 | C25: D | E25: 11000 | F25: =E25 -> 11000 | G25: =H25+D25-F25 -> 500 | H25: 11500 | I25: =G25 -> 500 | J25: 3000 | K25: =J25 -> 3000 | L25: =M25+I25-K25 -> 1500 | M25: 4000 | N25: =L25 -> 1500 | P25: =O25 -> 0 | Q25: =N25+R25-P25 -> 3500 | R25: 2000
A26: BRAVIN KIPLIMO | B26: 0159 | C26: D | E26: 11500 | F26: =E26 -> 11500 | G26: =H26+D26-F26 -> 0 | H26: 11500 | I26: =G26 -> 0 | J26: 4000 | K26: =J26 -> 4000 | L26: =M26+I26-K26 -> 0 | M26: 4000 | N26: =L26 -> 0 | O26: 1000 | P26: =O26 -> 1000 | Q26: =N26+R26-P26 -> 1000 | R26: 2000
A27: WHITNEY JEMUTAI | B27: 0160 | C27: D | E27: 11500 | F27: =E27 -> 11500 | G27: =H27+D27-F27 -> 0 | H27: 11500 | I27: =G27 -> 0 | J27: 4000 | K27: =J27 -> 4000 | L27: =M27+I27-K27 -> 0 | M27: 4000 | N27: =L27 -> 0 | O27: 2000 | P27: =O27 -> 2000 | Q27: =N27+R27-P27 -> 0 | R27: 2000
A28: SHINNEL CHEROTICH | B28: 0161 | C28: D | F28: =E28 -> 0 | G28: =H28+D28-F28 -> 11500 | H28: 11500 | I28: =G28 -> 11500 | K28: =J28 -> 0 | L28: =M28+I28-K28 -> 15500 | M28: 4000 | N28: =L28 -> 15500 | P28: =O28 -> 0 | Q28: =N28+R28-P28 -> 17500 | R28: 2000
A29: RAMSEY MORVIN OTIENO | B29: 0162 | C29: D | E29: 11500 | F29: =E29 -> 11500 | G29: =H29+D29-F29 -> 0 | H29: 11500 | I29: =G29 -> 0 | J29: 4000 | K29: =J29 -> 4000 | L29: =M29+I29-K29 -> 0 | M29: 4000 | N29: =L29 -> 0 | O29: 2000 | P29: =O29 -> 2000 | Q29: =N29+R29-P29 -> 0 | R29: 2000
A30: ABIGAEL JEPCHIRCHIR LAGAT | B30: 0163 | C30: D | E30: 8000 | F30: =E30 -> 8000 | G30: =H30+D30-F30 -> 3500 | H30: 11500 | I30: =G30 -> 3500 | J30: 7000 | K30: =J30 -> 7000 | L30: =M30+I30-K30 -> 500 | M30: 4000 | N30: =L30 -> 500 | O30: 2000 | P30: =O30 -> 2000 | Q30: =N30+R30-P30 -> 500 | R30: 2000
A31: DANIEL KIPKOGEI | B31: 0164 | C31: D | E31: 11500 | F31: =E31 -> 11500 | G31: =H31+D31-F31 -> 0 | H31: 11500 | I31: =G31 -> 0 | J31: 4000 | K31: =J31 -> 4000 | L31: =M31+I31-K31 -> 0 | M31: 4000 | N31: =L31 -> 0 | O31: 2000 | P31: =O31 -> 2000 | Q31: =N31+R31-P31 -> 0 | R31: 2000
A32: JASMINE JEBET | B32: 0165 | C32: D | E32: 11500 | F32: =E32 -> 11500 | G32: =H32+D32-F32 -> 0 | H32: 11500 | I32: =G32 -> 0 | J32: 4000 | K32: =J32 -> 4000 | L32: =M32+I32-K32 -> 0 | M32: 4000 | N32: =L32 -> 0 | O32: 2000 | P32: =O32 -> 2000 | Q32: =N32+R32-P32 -> 0 | R32: 2000
A33: BRIELLE JEMUTAI | B33: 0166 | C33: D | D33: 4700 | F33: =E33 -> 0 | G33: =H33+D33-F33 -> 16200 | H33: 11500 | I33: =G33 -> 16200 | K33: =J33 -> 0 | L33: =M33+I33-K33 -> 20200 | M33: 4000 | N33: =L33 -> 20200 | P33: =O33 -> 0 | Q33: =N33+R33-P33 -> 20200 | R33: 0
A34: ROBBIE KIPKOECH | B34: 0167 | C34: D | D34: 1000 | F34: =E34 -> 0 | G34: =H34+D34-F34 -> 12500 | H34: 11500 | I34: =G34 -> 12500 | K34: =J34 -> 0 | L34: =M34+I34-K34 -> 12500 | M34: 0 | N34: =L34 -> 12500 | P34: =O34 -> 0 | Q34: =N34+R34-P34 -> 12500 | R34: 0
A35: BRILLIAN JEPCHUMBA | B35: 0168 | C35: D | D35: 1000 | F35: =E35 -> 0 | G35: =H35+D35-F35 -> 12500 | H35: 11500 | I35: =G35 -> 12500 | K35: =J35 -> 0 | L35: =M35+I35-K35 -> 16500 | M35: 4000 | N35: =L35 -> 16500 | P35: =O35 -> 0 | Q35: =N35+R35-P35 -> 16500 | R35: 0
A36: GOODWILL KIMUTAI | B36: 0169 | C36: D | E36: 10500 | F36: =E36 -> 10500 | G36: =H36+D36-F36 -> 1000 | H36: 11500 | I36: =G36 -> 1000 | J36: 5000 | K36: =J36 -> 5000 | L36: =M36+I36-K36 -> 0 | M36: 4000 | N36: =L36 -> 0 | O36: 500 | P36: =O36 -> 500 | Q36: =N36+R36-P36 -> 1500 | R36: 2000
A37: LYSH JEPKURUI | B37: 0170 | C37: D | E37: 11500 | F37: =E37 -> 11500 | G37: =H37+D37-F37 -> 0 | H37: 11500 | I37: =G37 -> 0 | J37: 4000 | K37: =J37 -> 4000 | L37: =M37+I37-K37 -> 0 | M37: 4000 | N37: =L37 -> 0 | O37: 1000 | P37: =O37 -> 1000 | Q37: =N37+R37-P37 -> 1000 | R37: 2000
A38: DANIEL KIGEN | B38: 0171 | C38: D | E38: 11000 | F38: =E38 -> 11000 | G38: =H38+D38-F38 -> 500 | H38: 11500 | I38: =G38 -> 500 | J38: 3500 | K38: =J38 -> 3500 | L38: =M38+I38-K38 -> 1000 | M38: 4000 | N38: =L38 -> 1000 | P38: =O38 -> 0 | Q38: =N38+R38-P38 -> 3000 | R38: 2000
A39: SHEBA AOKO | B39: 0172 | C39: D | E39: 11500 | F39: =E39 -> 11500 | G39: =H39+D39-F39 -> 0 | H39: 11500 | I39: =G39 -> 0 | J39: =1500+525+1500 -> 3525 | K39: =J39 -> 3525 | L39: =M39+I39-K39 -> 475 | M39: 4000 | N39: =L39 -> 475 | P39: =O39 -> 0 | Q39: =N39+R39-P39 -> 2475 | R39: 2000
A40: OLIVE CHEMUTAI | B40: 0173 | C40: D | E40: 11500 | F40: =E40 -> 11500 | G40: =H40+D40-F40 -> 0 | H40: 11500 | I40: =G40 -> 0 | J40: 4000 | K40: =J40 -> 4000 | L40: =M40+I40-K40 -> 0 | M40: 4000 | N40: =L40 -> 0 | O40: 2000 | P40: =O40 -> 2000 | Q40: =N40+R40-P40 -> 0 | R40: 2000
A41: PATIENCE CHEBET | B41: 0174 | C41: D | E41: 11500 | F41: =E41 -> 11500 | G41: =H41+D41-F41 -> 0 | H41: 11500 | I41: =G41 -> 0 | J41: 4000 | K41: =J41 -> 4000 | L41: =M41+I41-K41 -> 0 | M41: 4000 | N41: =L41 -> 0 | O41: 2000 | P41: =O41 -> 2000 | Q41: =N41+R41-P41 -> 0 | R41: 2000
A42: BRIGHTON KIBIWOTT | B42: 0175 | C42: D | D42: 2700 | E42: 3000 | F42: =E42 -> 3000 | G42: =H42+D42-F42 -> 7750 | H42: 8050 | I42: =G42 -> 7750 | J42: 4000 | K42: =J42 -> 4000 | L42: =M42+I42-K42 -> 5550 | M42: 1800 | N42: =L42 -> 5550 | O42: 1400 | P42: =O42 -> 1400 | Q42: =N42+R42-P42 -> 5550 | R42: 1400
A43: ABIDAN KIPROP | B43: 0176 | C43: D | E43: 11500 | F43: =E43 -> 11500 | G43: =H43+D43-F43 -> 0 | H43: 11500 | I43: =G43 -> 0 | J43: 4000 | K43: =J43 -> 4000 | L43: =M43+I43-K43 -> 0 | M43: 4000 | N43: =L43 -> 0 | O43: 1250 | P43: =O43 -> 1250 | Q43: =N43+R43-P43 -> 750 | R43: 2000
A44: BRANICE JELIMO | B44: 0177 | C44: D | F44: =E44 -> 0 | G44: =H44+D44-F44 -> 11500 | H44: 11500 | I44: =G44 -> 11500 | K44: =J44 -> 0 | L44: =M44+I44-K44 -> 15500 | M44: 4000 | N44: =L44 -> 15500 | P44: =O44 -> 0 | Q44: =N44+R44-P44 -> 15500 | R44: 0
A45: ALLAN KIPROP | B45: 0178 | C45: D | E45: 11500 | F45: =E45 -> 11500 | G45: =H45+D45-F45 -> 0 | H45: 11500 | I45: =G45 -> 0 | J45: 4000 | K45: =J45 -> 4000 | L45: =M45+I45-K45 -> 0 | M45: 4000 | N45: =L45 -> 0 | P45: =O45 -> 0 | Q45: =N45+R45-P45 -> 2000 | R45: 2000
A46: RYAN KIPCHUMBA | B46: 0180 | C46: D | E46: 2000 | F46: =E46 -> 2000 | G46: =H46+D46-F46 -> 6050 | H46: 8050 | I46: =G46 -> 6050 | J46: 6000 | K46: =J46 -> 6000 | L46: =M46+I46-K46 -> 2850 | M46: 2800 | N46: =L46 -> 2850 | P46: =O46 -> 0 | Q46: =N46+R46-P46 -> 4850 | R46: 2000
A47: ANGEL JEPCHUMBA | B47: 0181 | C47: D | E47: 11500 | F47: =E47 -> 11500 | G47: =H47+D47-F47 -> 0 | H47: 11500 | I47: =G47 -> 0 | J47: 4000 | K47: =J47 -> 4000 | L47: =M47+I47-K47 -> 0 | M47: 4000 | N47: =L47 -> 0 | O47: 1000 | P47: =O47 -> 1000 | Q47: =N47+R47-P47 -> 1000 | R47: 2000
A48: RYAN KIPCHUMBA KOGEI | B48: 0182 | C48: D | F48: =E48 -> 0 | G48: =H48+D48-F48 -> 11500 | H48: 11500 | I48: =G48 -> 11500 | K48: =J48 -> 0 | L48: =M48+I48-K48 -> 11500 | M48: 0 | N48: =L48 -> 11500 | P48: =O48 -> 0 | Q48: =N48+R48-P48 -> 11500 | R48: 0
A49: RENNY KIPKOECH | B49: 0183 | C49: D | E49: 11500 | F49: =E49 -> 11500 | G49: =H49+D49-F49 -> 0 | H49: 11500 | I49: =G49 -> 0 | J49: 4000 | K49: =J49 -> 4000 | L49: =M49+I49-K49 -> 0 | M49: 4000 | N49: =L49 -> 0 | P49: =O49 -> 0 | Q49: =N49+R49-P49 -> 2000 | R49: 2000
A50: ALLAN TOO | B50: 0184 | C50: D | E50: 11000 | F50: =E50 -> 11000 | G50: =H50+D50-F50 -> 500 | H50: 11500 | I50: =G50 -> 500 | J50: 4500 | K50: =J50 -> 4500 | L50: =M50+I50-K50 -> 0 | M50: 4000 | N50: =L50 -> 0 | O50: 2000 | P50: =O50 -> 2000 | Q50: =N50+R50-P50 -> 0 | R50: 2000
A51: BRAVIN KIPTOO | B51: 0185 | C51: D | F51: =E51 -> 0 | G51: =H51+D51-F51 -> 11500 | H51: 11500 | I51: =G51 -> 11500 | J51: 8000 | K51: =J51 -> 8000 | L51: =M51+I51-K51 -> 6300 | M51: 2800 | N51: =L51 -> 6300 | P51: =O51 -> 0 | Q51: =N51+R51-P51 -> 7700 | R51: 1400
A52: NOELA JEROTICH | B52: 0407 | C52: D | E52: 500 | F52: =E52 -> 500 | G52: =H52+D52-F52 -> 11000 | H52: 11500 | I52: =G52 -> 11000 | J52: =1800+2000 -> 3800 | K52: =J52 -> 3800 | L52: =M52+I52-K52 -> 11200 | M52: 4000 | N52: =L52 -> 11200 | O52: 4000 | P52: =O52 -> 4000 | Q52: =N52+R52-P52 -> 9200 | R52: 2000
A53: DYLAN KIPRUTO | B53: 0327 | C53: D | E53: 11500 | F53: =E53 -> 11500 | G53: =H53+D53-F53 -> 0 | H53: 11500 | I53: =G53 -> 0 | J53: 4000 | K53: =J53 -> 4000 | L53: =M53+I53-K53 -> 0 | M53: 4000 | N53: =L53 -> 0 | P53: =O53 -> 0 | Q53: =N53+R53-P53 -> 2000 | R53: 2000
A54: EDWIN TUM | B54: 0430 | C54: D | E54: 2000 | F54: =E54 -> 2000 | G54: =H54+D54-F54 -> 6050 | H54: 8050 | I54: =G54 -> 6050 | J54: =3000+2000 -> 5000 | K54: =J54 -> 5000 | L54: =M54+I54-K54 -> 3850 | M54: 2800 | N54: =L54 -> 3850 | P54: =O54 -> 0 | Q54: =N54+R54-P54 -> 5850 | R54: 2000
A55: LYNE JEMUTAI | B55: 0336 | C55: D | E55: 11500 | F55: =E55 -> 11500 | G55: =H55+D55-F55 -> 0 | H55: 11500 | I55: =G55 -> 0 | J55: 4000 | K55: =J55 -> 4000 | L55: =M55+I55-K55 -> 0 | M55: 4000 | N55: =L55 -> 0 | P55: =O55 -> 0 | Q55: =N55+R55-P55 -> 2000 | R55: 2000
A56: ABEL KIPROP | B56: 0339 | C56: D | E56: 10600 | F56: =E56 -> 10600 | G56: =H56+D56-F56 -> -2550 | H56: 8050 | I56: =G56 -> -2550 | J56: 2000 | K56: =J56 -> 2000 | L56: =M56+I56-K56 -> -1750 | M56: 2800 | N56: =L56 -> -1750 | P56: =O56 -> 0 | Q56: =N56+R56-P56 -> 250 | R56: 2000
A57: JAYDEN KIPCHUMBA | B57: 0439 | C57: D | E57: 7000 | F57: =E57 -> 7000 | G57: =H57+D57-F57 -> 4500 | H57: 11500 | I57: =G57 -> 4500 | J57: 8500 | K57: =J57 -> 8500 | L57: =M57+I57-K57 -> 0 | M57: 4000 | N57: =L57 -> 0 | P57: =O57 -> 0 | Q57: =N57+R57-P57 -> 2000 | R57: 2000
A58: ADRIAN KIPCHUMBA RONOH | B58: 0441 | C58: D | E58: 11500 | F58: =E58 -> 11500 | G58: =H58+D58-F58 -> 0 | H58: 11500 | I58: =G58 -> 0 | J58: 4000 | K58: =J58 -> 4000 | L58: =M58+I58-K58 -> 0 | M58: 4000 | N58: =L58 -> 0 | O58: 2000 | P58: =O58 -> 2000 | Q58: =N58+R58-P58 -> 0 | R58: 2000
A59: ALEX KIMUTAI | B59: 0347 | C59: D | E59: 2000 | F59: =E59 -> 2000 | G59: =H59+D59-F59 -> 9500 | H59: 11500 | I59: =G59 -> 9500 | J59: 15500 | K59: =J59 -> 15500 | L59: =M59+I59-K59 -> -2000 | M59: 4000 | N59: =L59 -> -2000 | P59: =O59 -> 0 | Q59: =N59+R59-P59 -> 0 | R59: 2000
A60: EVAAN TOO | B60: 0230 | C60: D | E60: 11500 | F60: =E60 -> 11500 | G60: =H60+D60-F60 -> 0 | H60: 11500 | I60: =G60 -> 0 | J60: 4000 | K60: =J60 -> 4000 | L60: =M60+I60-K60 -> 0 | M60: 4000 | N60: =L60 -> 0 | P60: =O60 -> 0 | Q60: =N60+R60-P60 -> 2000 | R60: 2000
A61: STACY JEPKORIR KIBET | B61: 0450 | C61: D | E61: 11500 | F61: =E61 -> 11500 | G61: =H61+D61-F61 -> 0 | H61: 11500 | I61: =G61 -> 0 | J61: 4000 | K61: =J61 -> 4000 | L61: =M61+I61-K61 -> 0 | M61: 4000 | N61: =L61 -> 0 | P61: =O61 -> 0 | Q61: =N61+R61-P61 -> 2000 | R61: 2000
A62: SHANNEL JEPCHUMBA | B62: 0394 | C62: D | E62: 15700 | F62: =E62 -> 15700 | G62: =H62+D62-F62 -> -4200 | H62: 11500 | I62: =G62 -> -4200 | K62: =J62 -> 0 | L62: =M62+I62-K62 -> -200 | M62: 4000 | N62: =L62 -> -200 | P62: =O62 -> 0 | Q62: =N62+R62-P62 -> 1800 | R62: 2000
A63: RYAN KIPTOO | B63: 0480 | C63: D | G63: =H63+D63-F63 -> 0 | H63: 0 | I63: =G63 -> 0 | J63: 4000 | K63: =J63 -> 4000 | L63: =M63+I63-K63 -> 0 | M63: 4000 | N63: =L63 -> 0 | P63: =O63 -> 0 | Q63: =N63+R63-P63 -> 2000 | R63: 2000
A64: TOTALS | D64: =SUM(D4:D60) -> 23175 | F64: =SUM(F4:F60) -> 445435 | G64: =SUM(G4:G60) -> 215990 | H64: =SUM(H4:H63) -> 661250 | I64: =G64 -> 215990 | K64: =SUM(K4:K63) -> 228435 | L64: =M64+I64-K64 -> 199355 | M64: =SUM(M4:M63) -> 211800 | N64: =L64 -> 199355 | O64: =SUM(O4:O63) -> 45450 | P64: =SUM(P4:P63) -> 45450 | Q64: =N64+R64-P64 -> 254105 | R64: =SUM(R4:R63) -> 100200

Sheet GRADE 4
A2: NAME OF LEARNER | F2: 1ST TERM | L2: 2ND TERM | Q2: 3RD TERM | S2: TOTAL | T2: BALANCE | U2: EXPECTED
B3: ADM | C3: B/D | D3: B/F | E3: FEES | F3: TOTAL | G3: BALANCE | H3: EXPECTED | I3: B/F | J3: FEES | K3: TOTAL | L3: BALANCE | M3: EXPECTED | N3: B/F | O3: FEES | P3: TOTAL | Q3: BALANCE | R3: EXPECTED
A4: ASHLEY CHERUTO | B4: 0107 | C4: B | E4: 16500 | F4: =E4 -> 16500 | G4: =H4+D4-F4 -> 0 | H4: 16500 | I4: =G4 -> 0 | J4: 10000 | K4: =J4 -> 10000 | L4: =M4+I4-K4 -> 0 | M4: 10000 | N4: =L4 -> 0 | P4: =O4 -> 0 | Q4: =R4+N4-P4 -> 0 | R4: 0
A5: JAYDEN KIPTOO | B5: 0108 | C5: B | E5: 16500 | F5: =E5 -> 16500 | G5: =H5+D5-F5 -> 0 | H5: 16500 | I5: =G5 -> 0 | J5: 10000 | K5: =J5 -> 10000 | L5: =M5+I5-K5 -> 0 | M5: 10000 | N5: =L5 -> 0 | P5: =O5 -> 0 | Q5: =R5+N5-P5 -> 5000 | R5: 5000
A6: SHARLEEN JERUTO | B6: 0109 | C6: D | E6: 20000 | F6: =E6 -> 20000 | G6: =H6+D6-F6 -> -7000 | H6: 13000 | I6: =G6 -> -7000 | J6: 350 | K6: =J6 -> 350 | L6: =M6+I6-K6 -> 1150 | M6: 8500 | N6: =L6 -> 1150 | O6: 1500 | P6: =O6 -> 1500 | Q6: =R6+N6-P6 -> 1650 | R6: 2000
A7: VICTORINE RUTTO | B7: 0110 | C7: D | E7: 9000 | F7: =E7 -> 9000 | G7: =H7+D7-F7 -> 4000 | H7: 13000 | I7: =G7 -> 4000 | J7: 8000 | K7: =J7 -> 8000 | L7: =M7+I7-K7 -> 4500 | M7: 8500 | N7: =L7 -> 4500 | O7: 5000 | P7: =O7 -> 5000 | Q7: =R7+N7-P7 -> 1500 | R7: 2000
A8: DALMAS KIPCHUMBA | B8: 0111 | C8: D | E8: 21500 | F8: =E8 -> 21500 | G8: =H8+D8-F8 -> -8500 | H8: 13000 | I8: =G8 -> -8500 | K8: =J8 -> 0 | L8: =M8+I8-K8 -> 0 | M8: 8500 | N8: =L8 -> 0 | P8: =O8 -> 0 | R8: 2000
A9: JARDEN KIPKEMOI | B9: 0112 | C9: D | E9: 13000 | F9: =E9 -> 13000 | G9: =H9+D9-F9 -> 0 | H9: 13000 | I9: =G9 -> 0 | J9: 8000 | K9: =J9 -> 8000 | L9: =M9+I9-K9 -> 500 | M9: 8500 | N9: =L9 -> 500 | P9: =O9 -> 0 | Q9: =R9+N9-P9 -> 2500 | R9: 2000
A10: KELVIN KIPKOECH | B10: 0113 | C10: D | E10: 11500 | F10: =E10 -> 11500 | G10: =H10+D10-F10 -> 1500 | H10: 13000 | I10: =G10 -> 1500 | J10: 1500 | K10: =J10 -> 1500 | L10: =M10+I10-K10 -> 0 | M10: 0 | N10: =L10 -> 0 | P10: =O10 -> 0 | Q10: =R10+N10-P10 -> 2000 | R10: 2000
A11: FABIAN KIPKORIR | B11: 0114 | C11: D | E11: 9000 | F11: =E11 -> 9000 | G11: =H11+D11-F11 -> 4000 | H11: 13000 | I11: =G11 -> 4000 | J11: =6500+3000 -> 9500 | K11: =J11 -> 9500 | L11: =M11+I11-K11 -> 3000 | M11: 8500 | N11: =L11 -> 3000 | O11: 2000 | P11: =O11 -> 2000 | Q11: =R11+N11-P11 -> 3000 | R11: 2000
A12: BRYSON KIPTOO | B12: 0115 | C12: D | D12: 16500 | F12: =E12 -> 0 | G12: =H12+D12-F12 -> 29500 | H12: 13000 | I12: =G12 -> 29500 | J12: 3000 | K12: =J12 -> 3000 | L12: =M12+I12-K12 -> 35000 | M12: 8500 | N12: =L12 -> 35000 | P12: =O12 -> 0 | Q12: =R12+N12-P12 -> 37000 | R12: 2000
A13: BRIAN KIPKEMBOI | B13: 0116 | C13: D | F13: =E13 -> 0 | G13: =H13+D13-F13 -> 13000 | H13: 13000 | I13: =G13 -> 13000 | K13: =J13 -> 0 | L13: =M13+I13-K13 -> 13000 | M13: 0 | N13: =L13 -> 13000 | P13: =O13 -> 0 | Q13: =R13+N13-P13 -> 13000 | R13: 0
A14: BRIAN KIPKURUI | B14: 0117 | C14: D | E14: 13000 | F14: =E14 -> 13000 | G14: =H14+D14-F14 -> 0 | H14: 13000 | I14: =G14 -> 0 | J14: 8500 | K14: =J14 -> 8500 | L14: =M14+I14-K14 -> 0 | M14: 8500 | N14: =L14 -> 0 | P14: =O14 -> 0 | Q14: =R14+N14-P14 -> 2000 | R14: 2000
A15: PRECIOUS MULAMA | B15: 0118 | C15: D | E15: 10000 | F15: =E15 -> 10000 | G15: =H15+D15-F15 -> 3000 | H15: 13000 | I15: =G15 -> 3000 | J15: 11500 | K15: =J15 -> 11500 | L15: =M15+I15-K15 -> 0 | M15: 8500 | N15: =L15 -> 0 | P15: =O15 -> 0 | Q15: =R15+N15-P15 -> 2000 | R15: 2000
A16: PRECIOUS JEPKORIR | B16: 0119 | C16: D | E16: 13000 | F16: =E16 -> 13000 | G16: =H16+D16-F16 -> 0 | H16: 13000 | I16: =G16 -> 0 | J16: 8500 | K16: =J16 -> 8500 | L16: =M16+I16-K16 -> 0 | M16: 8500 | N16: =L16 -> 0 | P16: =O16 -> 0 | Q16: =R16+N16-P16 -> 2000 | R16: 2000
A17: MADELYN JEROTICH | B17: 0120 | C17: D | E17: 23500 | F17: =E17 -> 23500 | G17: =H17+D17-F17 -> -10500 | H17: 13000 | I17: =G17 -> -10500 | K17: =J17 -> 0 | L17: =M17+I17-K17 -> -2000 | M17: 8500 | N17: =L17 -> -2000 | P17: =O17 -> 0 | Q17: =R17+N17-P17 -> 0 | R17: 2000
A18: BLESSING JEPKOECH | B18: 0121 | C18: D | E18: 11900 | F18: =E18 -> 11900 | G18: =H18+D18-F18 -> 1100 | H18: 13000 | I18: =G18 -> 1100 | J18: =7900+1000 -> 8900 | K18: =J18 -> 8900 | L18: =M18+I18-K18 -> 700 | M18: 8500 | N18: =L18 -> 700 | O18: 2700 | P18: =O18 -> 2700 | Q18: =R18+N18-P18 -> 0 | R18: 2000
A19: BERUR KIPKOECH | B19: 0122 | C19: D | E19: 13000 | F19: =E19 -> 13000 | G19: =H19+D19-F19 -> 0 | H19: 13000 | I19: =G19 -> 0 | J19: 8500 | K19: =J19 -> 8500 | L19: =M19+I19-K19 -> 0 | M19: 8500 | N19: =L19 -> 0 | P19: =O19 -> 0 | Q19: =R19+N19-P19 -> 2000 | R19: 2000
A20: BRIGHTON KIMURGOR | B20: 0123 | C20: D | E20: 11500 | F20: =E20 -> 11500 | G20: =H20+D20-F20 -> 1500 | H20: 13000 | I20: =G20 -> 1500 | J20: 3500 | K20: =J20 -> 3500 | L20: =M20+I20-K20 -> 6500 | M20: 8500 | N20: =L20 -> 6500 | P20: =O20 -> 0 | Q20: =R20+N20-P20 -> 8500 | R20: 2000
A21: DAVIS KIPLIMO | B21: 0124 | C21: D | E21: 12000 | F21: =E21 -> 12000 | G21: =H21+D21-F21 -> 1000 | H21: 13000 | I21: =G21 -> 1000 | J21: =8850+350 -> 9200 | K21: =J21 -> 9200 | L21: =M21+I21-K21 -> 300 | M21: 8500 | N21: =L21 -> 300 | O21: 1000 | P21: =O21 -> 1000 | Q21: =R21+N21-P21 -> 1300 | R21: 2000
A22: DAVIAN JEPKURUI | B22: 0125 | C22: D | E22: 12000 | F22: =E22 -> 12000 | G22: =H22+D22-F22 -> 1000 | H22: 13000 | I22: =G22 -> 1000 | J22: =8850+350 -> 9200 | K22: =J22 -> 9200 | L22: =M22+I22-K22 -> 300 | M22: 8500 | N22: =L22 -> 300 | O22: 1000 | P22: =O22 -> 1000 | Q22: =R22+N22-P22 -> 1300 | R22: 2000
A23: DAISY JEBET | B23: 0126 | C23: B | E23: 16500 | F23: =E23 -> 16500 | G23: =H23+D23-F23 -> 0 | H23: 16500 | I23: =G23 -> 0 | J23: 10000 | K23: =J23 -> 10000 | L23: =M23+I23-K23 -> 0 | M23: 10000 | N23: =L23 -> 0 | O23: 5000 | P23: =O23 -> 5000 | Q23: =R23+N23-P23 -> 0 | R23: 5000
A24: TASHA JELAGAT | B24: 0127 | C24: D | E24: 13000 | F24: =E24 -> 13000 | G24: =H24+D24-F24 -> 0 | H24: 13000 | I24: =G24 -> 0 | J24: 8500 | K24: =J24 -> 8500 | L24: =M24+I24-K24 -> 0 | M24: 8500 | N24: =L24 -> 0 | O24: 1000 | P24: =O24 -> 1000 | Q24: =R24+N24-P24 -> 1000 | R24: 2000
A25: BLESSING JEROTICH KORIR | B25: 0128 | C25: D | E25: 12500 | F25: =E25 -> 12500 | G25: =H25+D25-F25 -> 500 | H25: 13000 | I25: =G25 -> 500 | J25: 9000 | K25: =J25 -> 9000 | L25: =M25+I25-K25 -> 0 | M25: 8500 | N25: =L25 -> 0 | P25: =O25 -> 0 | Q25: =R25+N25-P25 -> 2000 | R25: 2000
A26: SHENAZ JEPKOSGEI | B26: 0130 | C26: D | E26: 13000 | F26: =E26 -> 13000 | G26: =H26+D26-F26 -> 0 | H26: 13000 | I26: =G26 -> 0 | J26: 8500 | K26: =J26 -> 8500 | L26: =M26+I26-K26 -> 0 | M26: 8500 | N26: =L26 -> 0 | P26: =O26 -> 0 | Q26: =R26+N26-P26 -> 2000 | R26: 2000
A27: NICOLE JEPKEMBOI | B27: 0131 | C27: D | E27: 12000 | F27: =E27 -> 12000 | G27: =H27+D27-F27 -> 1000 | H27: 13000 | I27: =G27 -> 1000 | J27: =6650+2850 -> 9500 | K27: =J27 -> 9500 | L27: =M27+I27-K27 -> 0 | M27: 8500 | N27: =L27 -> 0 | P27: =O27 -> 0 | Q27: =R27+N27-P27 -> 2000 | R27: 2000
A28: ROBBIN KIPKOECH | B28: 0132 | C28: D | E28: 13000 | F28: =E28 -> 13000 | G28: =H28+D28-F28 -> 0 | H28: 13000 | I28: =G28 -> 0 | J28: 8500 | K28: =J28 -> 8500 | L28: =M28+I28-K28 -> 0 | M28: 8500 | N28: =L28 -> 0 | O28: 2000 | P28: =O28 -> 2000 | Q28: =R28+N28-P28 -> 0 | R28: 2000
A29: NASHION OYONDI | B29: 0133 | C29: B | E29: 16500 | F29: =E29 -> 16500 | G29: =H29+D29-F29 -> 0 | H29: 16500 | I29: =G29 -> 0 | J29: 10000 | K29: =J29 -> 10000 | L29: =M29+I29-K29 -> 0 | M29: 10000 | N29: =L29 -> 0 | P29: =O29 -> 0 | Q29: =R29+N29-P29 -> 5000 | R29: 5000
A30: SHALINE JEBET | B30: 0135 | C30: D | F30: =E30 -> 0 | G30: =H30+D30-F30 -> 13000 | H30: 13000 | I30: =G30 -> 13000 | K30: =J30 -> 0 | L30: =M30+I30-K30 -> 13000 | M30: 0 | N30: =L30 -> 13000 | P30: =O30 -> 0 | Q30: =R30+N30-P30 -> 13000 | R30: 0
A31: ELVIS KIPRUTO | B31: 0324 | C31: D | E31: 14300 | F31: =E31 -> 14300 | G31: =H31+D31-F31 -> -1300 | H31: 13000 | I31: =G31 -> -1300 | J31: 7200 | K31: =J31 -> 7200 | L31: =M31+I31-K31 -> 0 | M31: 8500 | N31: =L31 -> 0 | O31: 2000 | P31: =O31 -> 2000 | Q31: =R31+N31-P31 -> 0 | R31: 2000
A32: ELIAS KIPCHUMBA | B32: 0323 | C32: D | E32: 14300 | F32: =E32 -> 14300 | G32: =H32+D32-F32 -> -1300 | H32: 13000 | I32: =G32 -> -1300 | J32: 7200 | K32: =J32 -> 7200 | L32: =M32+I32-K32 -> 0 | M32: 8500 | N32: =L32 -> 0 | O32: 2000 | P32: =O32 -> 2000 | Q32: =R32+N32-P32 -> 0 | R32: 2000
A33: GODIUS KIPRUTO | B33: 0359 | C33: D | E33: 10500 | F33: =E33 -> 10500 | G33: =H33+D33-F33 -> 2500 | H33: 13000 | I33: =G33 -> 2500 | J33: 8500 | K33: =J33 -> 8500 | L33: =M33+I33-K33 -> 2500 | M33: 8500 | N33: =L33 -> 2500 | P33: =O33 -> 0 | Q33: =R33+N33-P33 -> 4500 | R33: 2000
A34: ADRIAN KIPROP | B34: 0361 | C34: D | E34: 13000 | F34: =E34 -> 13000 | G34: =H34+D34-F34 -> 0 | H34: 13000 | I34: =G34 -> 0 | J34: 8500 | K34: =J34 -> 8500 | L34: =M34+I34-K34 -> 0 | M34: 8500 | N34: =L34 -> 0 | P34: =O34 -> 0 | Q34: =R34+N34-P34 -> 2000 | R34: 2000
A35: DARREL KIPRUTO | B35: 0335 | C35: D | E35: 13000 | F35: =E35 -> 13000 | G35: =H35+D35-F35 -> 0 | H35: 13000 | I35: =G35 -> 0 | J35: 8000 | K35: =J35 -> 8000 | L35: =M35+I35-K35 -> 500 | M35: 8500 | N35: =L35 -> 500 | O35: 2500 | P35: =O35 -> 2500 | Q35: =R35+N35-P35 -> 0 | R35: 2000
A36: BLESSING JELIMO | B36: 0428 | C36: D | E36: =10900+8450 -> 19350 | F36: =E36 -> 19350 | G36: =H36+D36-F36 -> -6350 | H36: 13000 | I36: =G36 -> -6350 | J36: 2000 | K36: =J36 -> 2000 | L36: =M36+I36-K36 -> 150 | M36: 8500 | N36: =L36 -> 150 | O36: 2150 | P36: =O36 -> 2150 | Q36: =R36+N36-P36 -> 0 | R36: 2000
A37: NAOMI CHEROP | B37: 0383 | C37: B | E37: 13000 | F37: =E37 -> 13000 | G37: =H37+D37-F37 -> 0 | H37: 13000 | I37: =G37 -> 0 | J37: 10000 | K37: =J37 -> 10000 | L37: =M37+I37-K37 -> 0 | M37: 10000 | N37: =L37 -> 0 | O37: 5000 | P37: =O37 -> 5000 | Q37: =R37+N37-P37 -> 0 | R37: 5000
A38: CHLOE JEPKOECH | B38: 0419 | C38: D | E38: 23500 | F38: =E38 -> 23500 | G38: =H38+D38-F38 -> -10500 | H38: 13000 | I38: =G38 -> -10500 | K38: =J38 -> 0 | L38: =M38+I38-K38 -> -2000 | M38: 8500 | N38: =L38 -> -2000 | P38: =O38 -> 0 | Q38: =R38+N38-P38 -> 0 | R38: 2000
A39: AMANDA JEPCHUMBA | B39: 0358 | C39: B | E39: 16500 | F39: =E39 -> 16500 | G39: =H39+D39-F39 -> 0 | H39: 16500 | I39: =G39 -> 0 | J39: 10000 | K39: =J39 -> 10000 | L39: =M39+I39-K39 -> 0 | M39: 10000 | N39: =L39 -> 0 | P39: =O39 -> 0 | Q39: =R39+N39-P39 -> 5000 | R39: 5000
A40: IYV JEPKOSGEI | B40: 0325 | C40: D | E40: 13000 | F40: =E40 -> 13000 | G40: =H40+D40-F40 -> 0 | H40: 13000 | I40: =G40 -> 0 | J40: 8500 | K40: =J40 -> 8500 | L40: =M40+I40-K40 -> 0 | M40: 8500 | N40: =L40 -> 0 | O40: 1000 | P40: =O40 -> 1000 | Q40: =R40+N40-P40 -> 1000 | R40: 2000
A41: WENDY JERONO | B41: 0459 | C41: D | E41: 7000 | F41: =E41 -> 7000 | G41: =H41+D41-F41 -> 6000 | H41: 13000 | I41: =G41 -> 6000 | K41: =J41 -> 0 | L41: =M41+I41-K41 -> 14500 | M41: 8500 | N41: =L41 -> 14500 | P41: =O41 -> 0 | Q41: =R41+N41-P41 -> 16500 | R41: 2000
A42: NOLAN FINLAY | B42: 0463 | C42: D | E42: 0 | F42: =E42 -> 0 | G42: 0 | H42: 0 | I42: =G42 -> 0 | J42: 8500 | K42: =J42 -> 8500 | L42: =M42+I42-K42 -> 0 | M42: 8500 | N42: =L42 -> 0 | O42: 2000 | P42: =O42 -> 2000 | Q42: =R42+N42-P42 -> 0 | R42: 2000
A43: RAY KIPCHUMBA | B43: 0484 | C43: D | E43: 0 | F43: =E43 -> 0 | G43: 0 | H43: 0 | I43: =G43 -> 0 | J43: 8500 | K43: =J43 -> 8500 | L43: =M43+I43-K43 -> 0 | M43: 8500 | N43: =L43 -> 0 | O43: 1000 | P43: =O43 -> 1000 | Q43: =R43+N43-P43 -> 1000 | R43: 2000
A44: ANDREW ANYEMBE | B44: 0490 | C44: D | E44: 0 | F44: =E44 -> 0 | G44: 0 | H44: 0 | I44: =G44 -> 0 | J44: 8500 | K44: =J44 -> 8500 | L44: =M44+I44-K44 -> 0 | M44: 8500 | N44: =L44 -> 0 | O44: 2000 | P44: =O44 -> 2000 | Q44: =R44+N44-P44 -> 0 | R44: 2000
A45: NADIA JEPKORIR NGAGO | B45: 0503 | C45: D | E45: 0 | F45: =E45 -> 0 | G45: 0 | H45: 0 | I45: =G45 -> 0 | J45: 6250 | K45: =J45 -> 6250 | L45: =M45+I45-K45 -> 0 | M45: 6250 | N45: =L45 -> 0 | O45: 2000 | P45: =O45 -> 2000 | Q45: =R45+N45-P45 -> 0 | R45: 2000
A46: VALLERY CHEPTOO | B46: 0519 | C46: D | E46: 0 | F46: =E46 -> 0 | G46: 0 | H46: 0 | I46: =G46 -> 0 | J46: 0 | K46: =J46 -> 0 | L46: =M46+I46-K46 -> 0 | M46: 0 | N46: =L46 -> 0 | O46: 2000 | P46: =O46 -> 2000 | Q46: =R46+N46-P46 -> 0 | R46: 2000
A47: TOTALS | D47: =SUM(D4:D40) -> 16500 | E47: =SUM(E4:E46) -> 490850 | F47: =SUM(F4:F46) -> 490850 | G47: =SUM(G4:G46) -> 37150 | H47: =SUM(H4:H46) -> 511500 | I47: =SUM(I4:I46) -> 37150 | J47: =SUM(J4:J46) -> 283800 | K47: =SUM(K4:K46) -> 283800 | L47: =SUM(L4:L46) -> 91600 | ... N47: =SUM(N4:N46) -> 91600 | P47: =SUM(P4:P46) -> 44850 | Q47: =SUM(Q4:Q46) -> 139750 | R47: =SUM(R4:R46) -> 95000

Sheet GRADE 5
A2: NAME OF LEARNER | F2: 1ST TERM | L2: 2ND TERM | Q2: 3RD TERM | S2: TOTAL | T2: BALANCE | U2: EXPECTED
B3: ADM | C3: B/D | D3: B/F | E3: FEES | F3: COLLECTED | G3: BALANCE | H3: EXPECTED | I3: B/F | J3: FEES | K3: COLLECTED | L3: BALANCE | M3: EXPECTED | N3: B/F | O3: FEES | P3: TOTALS | Q3: BALANCE | R3: EXPECTED
A4: FABIAN KIPKOSGEI | B4: 0078 | C4: D | E4: 13000 | F4: =E4 -> 13000 | G4: =H4+D4-F4 -> 0 | H4: 13000 | I4: =G4 -> 0 | J4: 8500 | K4: =J4 -> 8500 | L4: =M4+I4-K4 -> 0 | M4: 8500 | N4: =L4 -> 0 | P4: =O4 -> 0 | Q4: =R4+N4-P4 -> 2000 | R4: 2000
A5: EMMANUEL KIPROP | B5: 0079 | C5: D | E5: 12800 | F5: =E5 -> 12800 | G5: =H5+D5-F5 -> 200 | H5: 13000 | I5: =G5 -> 200 | J5: 3000 | K5: =J5 -> 3000 | L5: =M5+I5-K5 -> 5700 | M5: 8500 | N5: =L5 -> 5700 | O5: 5800 | P5: =O5 -> 5800 | Q5: =R5+N5-P5 -> 1900 | R5: 2000
A6: DUNCAN KIPKURUI | B6: 0080 | C6: D | E6: 13000 | F6: =E6 -> 13000 | G6: =H6+D6-F6 -> 0 | H6: 13000 | I6: =G6 -> 0 | J6: 8500 | K6: =J6 -> 8500 | L6: =M6+I6-K6 -> 0 | M6: 8500 | N6: =L6 -> 0 | P6: =O6 -> 0 | Q6: =R6+N6-P6 -> 2000 | R6: 2000
A7: ISAAC KIPLAGAT | B7: 0081 | C7: D | E7: 13000 | F7: =E7 -> 13000 | G7: =H7+D7-F7 -> 0 | H7: 13000 | I7: =G7 -> 0 | J7: 7000 | K7: =J7 -> 7000 | L7: =M7+I7-K7 -> 1500 | M7: 8500 | N7: =L7 -> 1500 | P7: =O7 -> 0 | Q7: =R7+N7-P7 -> 3500 | R7: 2000
A8: GRIFFINS KIBET | B8: 0082 | C8: B | D8: 20 | E8: 13900 | F8: =E8 -> 13900 | G8: =H8+D8-F8 -> 2620 | H8: 16500 | I8: =G8 -> 2620 | J8: =12000+620 -> 12620 | K8: =J8 -> 12620 | L8: =M8+I8-K8 -> 0 | M8: 10000 | N8: =L8 -> 0 | P8: =O8 -> 0 | Q8: =R8+N8-P8 -> 0 | R8: 0
A9: JEAN JEPTOO | B9: 0083 | C9: B | D9: 3650 | E9: 20150 | F9: =E9 -> 20150 | G9: =H9+D9-F9 -> 0 | H9: 16500 | I9: =G9 -> 0 | J9: 10000 | K9: =J9 -> 10000 | L9: =M9+I9-K9 -> 0 | M9: 10000 | N9: =L9 -> 0 | P9: =O9 -> 0 | Q9: =R9+N9-P9 -> 5000 | R9: 5000
A10: JERRY KIPKEMBOI | B10: 0084 | C10: D | E10: 12500 | F10: =E10 -> 12500 | G10: =H10+D10-F10 -> 500 | H10: 13000 | I10: =G10 -> 500 | K10: =J10 -> 0 | L10: =M10+I10-K10 -> 9000 | M10: 8500 | N10: =L10 -> 9000 | P10: =O10 -> 0 | Q10: =R10+N10-P10 -> 11000 | R10: 2000
A11: STACY JEPTOO | B11: 0085 | C11: D | E11: 2000 | F11: =E11 -> 2000 | G11: =H11+D11-F11 -> 7100 | H11: 9100 | I11: =G11 -> 7100 | K11: =J11 -> 0 | L11: =M11+I11-K11 -> 13050 | M11: 5950 | N11: =L11 -> 13050 | P11: =O11 -> 0 | Q11: =R11+N11-P11 -> 15050 | R11: 2000
A12: ADRIEL JERONO | B12: 0086 | C12: B | F12: =E12 -> 0 | G12: =H12+D12-F12 -> 16500 | H12: 16500 | I12: =G12 -> 16500 | J12: 10000 | K12: =J12 -> 10000 | L12: =M12+I12-K12 -> 16500 | M12: 10000 | N12: =L12 -> 16500 | P12: =O12 -> 0 | Q12: =R12+N12-P12 -> 21500 | R12: 5000
A13: SHANTEL JELAGAT | B13: 0087 | C13: D | E13: 7025 | F13: =E13 -> 7025 | G13: =H13+D13-F13 -> 5975 | H13: 13000 | I13: =G13 -> 5975 | J13: 10925 | K13: =J13 -> 10925 | L13: =M13+I13-K13 -> 3550 | M13: 8500 | N13: =L13 -> 3550 | O13: 3070 | P13: =O13 -> 3070 | Q13: =R13+N13-P13 -> 2480 | R13: 2000
A14: PRECIOUS JEPKORIR | B14: 0088 | C14: D | E14: 13000 | F14: =E14 -> 13000 | G14: =H14+D14-F14 -> 0 | H14: 13000 | I14: =G14 -> 0 | J14: 8500 | K14: =J14 -> 8500 | L14: =M14+I14-K14 -> 0 | M14: 8500 | N14: =L14 -> 0 | P14: =O14 -> 0 | Q14: =R14+N14-P14 -> 2000 | R14: 2000
A15: RUTH JEBET | B15: 0089 | C15: D | D15: 10400 | F15: =E15 -> 0 | G15: =H15+D15-F15 -> 23400 | H15: 13000 | I15: =G15 -> 23400 | K15: =J15 -> 0 | L15: =M15+I15-K15 -> 23400 | M15: 0 | N15: =L15 -> 23400 | P15: =O15 -> 0 | Q15: =R15+N15-P15 -> 23400 | R15: 0
A16: LYNNE JERONO | B16: 0090 | C16: D | E16: 10400 | F16: =E16 -> 10400 | G16: =H16+D16-F16 -> 2600 | H16: 13000 | I16: =G16 -> 2600 | J16: =5500+2300+1500+500 -> 9800 | K16: =J16 -> 9800 | L16: =M16+I16-K16 -> 1300 | M16: 8500 | N16: =L16 -> 1300 | O16: 1550 | P16: =O16 -> 1550 | Q16: =R16+N16-P16 -> 1750 | R16: 2000
A17: LAURA JEBET | B17: 0091 | C17: B | E17: 3500 | F17: =E17 -> 3500 | G17: =H17+D17-F17 -> 9500 | H17: 13000 | I17: =G17 -> 9500 | J17: 19500 | K17: =J17 -> 19500 | L17: =M17+I17-K17 -> 0 | M17: 10000 | N17: =L17 -> 0 | P17: =O17 -> 0 | Q17: =R17+N17-P17 -> 5000 | R17: 5000
A18: SHERYL JEPCHUMBA | B18: 0092 | C18: D | E18: 13000 | F18: =E18 -> 13000 | G18: =H18+D18-F18 -> 0 | H18: 13000 | I18: =G18 -> 0 | J18: 8500 | K18: =J18 -> 8500 | L18: =M18+I18-K18 -> 0 | M18: 8500 | N18: =L18 -> 0 | P18: =O18 -> 0 | Q18: =R18+N18-P18 -> 2000 | R18: 2000
A19: LUCKY KIPCHUMBA | B19: 0093 | C19: B | D19: 500 | E19: 11000 | F19: =E19 -> 11000 | G19: =H19+D19-F19 -> 6000 | H19: 16500 | I19: =G19 -> 6000 | K19: =J19 -> 0 | L19: =M19+I19-K19 -> 6000 | M19: 0 | N19: =L19 -> 6000 | P19: =O19 -> 0 | Q19: =R19+N19-P19 -> 6000 | R19: 0
A20: ASBEL KIPROP | B20: 0094 | C20: D | E20: 11500 | F20: =E20 -> 11500 | G20: =H20+D20-F20 -> 1500 | H20: 13000 | I20: =G20 -> 1500 | J20: 7500 | K20: =J20 -> 7500 | L20: =M20+I20-K20 -> 2500 | M20: 8500 | N20: =L20 -> 2500 | P20: =O20 -> 0 | Q20: =R20+N20-P20 -> 4500 | R20: 2000
A21: CAMILLA AKINYI | B21: 0095 | C21: B | E21: 16500 | F21: =E21 -> 16500 | G21: =H21+D21-F21 -> 0 | H21: 16500 | I21: =G21 -> 0 | J21: 10000 | K21: =J21 -> 10000 | L21: =M21+I21-K21 -> 0 | M21: 10000 | N21: =L21 -> 0 | O21: 3000 | P21: =O21 -> 3000 | Q21: =R21+N21-P21 -> 2000 | R21: 5000
A22: BLESSING KIPCHUMBA | B22: 0096 | C22: D | E22: 13000 | F22: =E22 -> 13000 | G22: =H22+D22-F22 -> 0 | H22: 13000 | I22: =G22 -> 0 | J22: 8500 | K22: =J22 -> 8500 | L22: =M22+I22-K22 -> 0 | M22: 8500 | N22: =L22 -> 0 | P22: =O22 -> 0 | Q22: =R22+N22-P22 -> 2000 | R22: 2000
A23: MAYNE KIPCHUMBA | B23: 0097 | C23: D | E23: 13000 | F23: =E23 -> 13000 | G23: =H23+D23-F23 -> 0 | H23: 13000 | I23: =G23 -> 0 | J23: 8500 | K23: =J23 -> 8500 | L23: =M23+I23-K23 -> 0 | M23: 8500 | N23: =L23 -> 0 | P23: =O23 -> 0 | Q23: =R23+N23-P23 -> 2000 | R23: 2000
A24: ABIGAEL JEBIWOTT | B24: 0098 | C24: D | E24: 12000 | F24: =E24 -> 12000 | G24: =H24+D24-F24 -> 1000 | H24: 13000 | I24: =G24 -> 1000 | J24: 9500 | K24: =J24 -> 9500 | L24: =M24+I24-K24 -> 0 | M24: 8500 | N24: =L24 -> 0 | O24: 500 | P24: =O24 -> 500 | Q24: =R24+N24-P24 -> 1500 | R24: 2000
A25: SHALLOM JERUTO | B25: 0099 | C25: D | E25: 11750 | F25: =E25 -> 11750 | G25: =H25+D25-F25 -> 1250 | H25: 13000 | I25: =G25 -> 1250 | J25: =7250+2000+500 -> 9750 | K25: =J25 -> 9750 | L25: =M25+I25-K25 -> 0 | M25: 8500 | N25: =L25 -> 0 | P25: =O25 -> 0 | Q25: =R25+N25-P25 -> 2000 | R25: 2000
A26: PRUDENCE JEPKEMBOI | B26: 0100 | C26: D | D26: 1650 | E26: 1650 | F26: =E26 -> 1650 | G26: =H26+D26-F26 -> 13000 | H26: 13000 | I26: =G26 -> 13000 | K26: =J26 -> 0 | L26: =M26+I26-K26 -> 13000 | M26: 0 | N26: =L26 -> 13000 | P26: =O26 -> 0 | Q26: =R26+N26-P26 -> 13000 | R26: 0
A27: ALEXIA CHEPNGENO | B27: 0101 | C27: B | E27: 15500 | F27: =E27 -> 15500 | G27: =H27+D27-F27 -> 1000 | H27: 16500 | I27: =G27 -> 1000 | J27: =5000+1450+900+1300+1250 -> 9900 | K27: =J27 -> 9900 | L27: =M27+I27-K27 -> 1100 | M27: 10000 | N27: =L27 -> 1100 | O27: 1000 | P27: =O27 -> 1000 | Q27: =R27+N27-P27 -> 5100 | R27: 5000
A28: ADRIAN KIPKOECH | B28: 0102 | C28: D | E28: 13000 | F28: =E28 -> 13000 | G28: =H28+D28-F28 -> 0 | H28: 13000 | I28: =G28 -> 0 | J28: 8000 | K28: =J28 -> 8000 | L28: =M28+I28-K28 -> 500 | M28: 8500 | N28: =L28 -> 500 | O28: 2000 | P28: =O28 -> 2000 | Q28: =R28+N28-P28 -> 500 | R28: 2000
A29: BLESSED KIGEN | B29: 0103 | C29: D | D29: 10250 | E29: 9500 | F29: =E29 -> 9500 | G29: =H29+D29-F29 -> 13750 | H29: 13000 | I29: =G29 -> 13750 | J29: 10000 | K29: =J29 -> 10000 | L29: =M29+I29-K29 -> 12250 | M29: 8500 | N29: =L29 -> 12250 | P29: =O29 -> 0 | Q29: =R29+N29-P29 -> 14250 | R29: 2000
A30: BRAVIN KIPRUTO | B30: 0104 | C30: D | D30: 3500 | E30: 17500 | F30: =E30 -> 17500 | G30: =H30+D30-F30 -> -1000 | H30: 13000 | I30: =G30 -> -1000 | J30: 7500 | K30: =J30 -> 7500 | L30: =M30+I30-K30 -> 0 | M30: 8500 | N30: =L30 -> 0 | P30: =O30 -> 0 | Q30: =R30+N30-P30 -> 2000 | R30: 2000
A31: LIDWIN KIPTOO | B31: 0105 | C31: D | D31: 6100 | E31: 9500 | F31: =E31 -> 9500 | G31: =H31+D31-F31 -> 9600 | H31: 13000 | I31: =G31 -> 9600 | J31: 13000 | K31: =J31 -> 13000 | L31: =M31+I31-K31 -> 5100 | M31: 8500 | N31: =L31 -> 5100 | O31: 3000 | P31: =O31 -> 3000 | Q31: =R31+N31-P31 -> 4100 | R31: 2000
A32: IVY JEPKEMBOI | B32: 0385 | C32: B | E32: 9500 | F32: =E32 -> 9500 | G32: =H32+D32-F32 -> 3500 | H32: 13000 | I32: =G32 -> 3500 | J32: =7000+500 -> 7500 | K32: =J32 -> 7500 | L32: =M32+I32-K32 -> 6000 | M32: 10000 | N32: =L32 -> 6000 | O32: 2000 | P32: =O32 -> 2000 | Q32: =R32+N32-P32 -> 9000 | R32: 5000
A33: DELVIN JEROP | B33: 0423 | C33: B | E33: 15500 | F33: =E33 -> 15500 | G33: =H33+D33-F33 -> 1000 | H33: 16500 | I33: =G33 -> 1000 | J33: 1000 | K33: =J33 -> 1000 | L33: =M33+I33-K33 -> 0 | M33: 0 | N33: =L33 -> 0 | P33: =O33 -> 0 | Q33: =R33+N33-P33 -> 0 | R33: 0
A34: PRECIOUS JEPCHUMBA | B34: 0408 | C34: B | E34: 16500 | F34: =E34 -> 16500 | G34: =H34+D34-F34 -> 0 | H34: 16500 | I34: =G34 -> 0 | J34: 10000 | K34: =J34 -> 10000 | L34: =M34+I34-K34 -> 0 | M34: 10000 | N34: =L34 -> 0 | P34: =O34 -> 0 | Q34: =R34+N34-P34 -> 5000 | R34: 5000
A35: REAGAN KIPTOO | B35: 0417 | C35: B | E35: 16500 | F35: =E35 -> 16500 | G35: =H35+D35-F35 -> 0 | H35: 16500 | I35: =G35 -> 0 | J35: 10000 | K35: =J35 -> 10000 | L35: =M35+I35-K35 -> 0 | M35: 10000 | N35: =L35 -> 0 | P35: =O35 -> 0 | Q35: =R35+N35-P35 -> 5000 | R35: 5000
A36: ADAMS KIBET | B36: 0380 | C36: B | E36: 16500 | F36: =E36 -> 16500 | G36: =H36+D36-F36 -> 0 | H36: 16500 | I36: =G36 -> 0 | J36: 10000 | K36: =J36 -> 10000 | L36: =M36+I36-K36 -> 0 | M36: 10000 | N36: =L36 -> 0 | P36: =O36 -> 0 | Q36: =R36+N36-P36 -> 5000 | R36: 5000
A37: GARRETH KIPKORIR | B37: 0392 | C37: B | E37: 16500 | F37: =E37 -> 16500 | G37: =H37+D37-F37 -> 0 | H37: 16500 | I37: =G37 -> 0 | J37: 10000 | K37: =J37 -> 10000 | L37: =M37+I37-K37 -> 0 | M37: 10000 | N37: =L37 -> 0 | O37: 5000 | P37: =O37 -> 5000 | Q37: =R37+N37-P37 -> 0 | R37: 5000
A38: GODWIN KIPKOECH | B38: 0397 | C38: B | E38: 16500 | F38: =E38 -> 16500 | G38: =H38+D38-F38 -> 0 | H38: 16500 | I38: =G38 -> 0 | J38: 10000 | K38: =J38 -> 10000 | L38: =M38+I38-K38 -> 0 | M38: 10000 | N38: =L38 -> 0 | O38: 3450 | P38: =O38 -> 3450 | Q38: =R38+N38-P38 -> 1550 | R38: 5000
A39: LIAM KIGEN | B39: 0419 | C39: B | E39: 16500 | F39: =E39 -> 16500 | G39: =H39+D39-F39 -> 0 | H39: 16500 | I39: =G39 -> 0 | J39: 10000 | K39: =J39 -> 10000 | L39: =M39+I39-K39 -> 0 | M39: 10000 | N39: =L39 -> 0 | O39: 2000 | P39: =O39 -> 2000 | Q39: =R39+N39-P39 -> 3000 | R39: 5000
A40: CHARLTON KIPKOECH | B40: 0427 | C40: B | E40: 12000 | F40: =E40 -> 12000 | G40: =H40+D40-F40 -> 4500 | H40: 16500 | I40: =G40 -> 4500 | K40: =J40 -> 0 | L40: =M40+I40-K40 -> 4500 | M40: 0 | N40: =L40 -> 4500 | P40: =O40 -> 0 | Q40: =R40+N40-P40 -> 4500 | R40: 0
A41: BILDAD KIPKOECH | B41: 0420 | C41: D | E41: 13000 | F41: =E41 -> 13000 | G41: =H41+D41-F41 -> 0 | H41: 13000 | I41: =G41 -> 0 | J41: 8500 | K41: =J41 -> 8500 | L41: =M41+I41-K41 -> 0 | M41: 8500 | N41: =L41 -> 0 | Q41: =R41+N41-P41 -> 2000 | R41: 2000
A42: NOVETH JOASH | B42: 0399 | C42: B | E42: 2000 | F42: =E42 -> 2000 | G42: =H42+D42-F42 -> 9550 | H42: 11550 | I42: =G42 -> 9550 | J42: =7300+6000 -> 13300 | K42: =J42 -> 13300 | L42: =M42+I42-K42 -> 3250 | M42: 7000 | N42: =L42 -> 3250 | P42: =O42 -> 0 | Q42: =R42+N42-P42 -> 8250 | R42: 5000
A43: BRIAN KIPKOECH KIMETTO | B43: 0346 | C43: B | E43: 16500 | F43: =E43 -> 16500 | G43: =H43+D43-F43 -> 0 | H43: 16500 | I43: =G43 -> 0 | J43: 15000 | K43: =J43 -> 15000 | L43: =M43+I43-K43 -> -5000 | M43: 10000 | N43: =L43 -> -5000 | P43: =O43 -> 0 | Q43: =R43+N43-P43 -> 0 | R43: 5000
A44: WINNY CHEPCHIR | B44: 0467 | C44: D | F44: =E44 -> 0 | G44: =H44+D44-F44 -> 0 | H44: 0 | I44: =G44 -> 0 | J44: 10500 | K44: =J44 -> 10500 | L44: =M44+I44-K44 -> -2000 | M44: 8500 | N44: =L44 -> -2000 | P44: =O44 -> 0 | Q44: =R44+N44-P44 -> 0 | R44: 2000
A45: VALLERY JEPKORIR | B45: 0461 | C45: B | F45: =E45 -> 0 | G45: =H45+D45-F45 -> 0 | H45: 0 | I45: =G45 -> 0 | J45: 10000 | K45: =J45 -> 10000 | L45: =M45+I45-K45 -> 0 | M45: 10000 | N45: =L45 -> 0 | O45: 5000 | P45: =O45 -> 5000 | Q45: =R45+N45-P45 -> 0 | R45: 5000
A46: SHANNEL CHEMURGOR | B46: 0473 | C46: B | F46: =E46 -> 0 | G46: =H46+D46-F46 -> 0 | H46: 0 | I46: =G46 -> 0 | J46: 10000 | K46: =J46 -> 10000 | L46: =M46+I46-K46 -> 0 | M46: 10000 | N46: =L46 -> 0 | O46: 5000 | P46: =O46 -> 5000 | Q46: =R46+N46-P46 -> 0 | R46: 5000
A47: LEWIS KIPLAGAT | B47: 0469 | C47: D | F47: =E47 -> 0 | G47: =H47+D47-F47 -> 0 | H47: 0 | I47: =G47 -> 0 | J47: 6000 | K47: =J47 -> 6000 | L47: =M47+I47-K47 -> 2500 | M47: 8500 | N47: =L47 -> 2500 | P47: =O47 -> 0 | Q47: =R47+N47-P47 -> 4500 | R47: 2000
A48: STEFFANIE JEROP | B48: 0479 | C48: D | F48: =E48 -> 0 | G48: =H48+D48-F48 -> 0 | H48: 0 | I48: =G48 -> 0 | J48: 8000 | K48: =J48 -> 8000 | L48: =M48+I48-K48 -> 500 | M48: 8500 | N48: =L48 -> 500 | P48: =O48 -> 0 | Q48: =R48+N48-P48 -> 2500 | R48: 2000
A49: TOTALS | D49: =SUM(D4:D42) -> 36070 | F49: =SUM(F4:F42) -> 453675 | G49: =SUM(G4:G42) -> 133045 | H49: =SUM(H4:H48) -> 567150 | I49: =G49 -> 133045 | K49: =SUM(K4:K48) -> 368795 | L49: =SUM(L4:L48) -> 124200 | M49: =SUM(M4:M48) -> 359950 | N49: =SUM(N4:N48) -> 124200 | P49: =SUM(P4:P48) -> 42370 | Q49: =SUM(Q4:Q48) -> 207830 | R49: =SUM(R4:R48) -> 126000

Sheet GRADE 6
A2: NAME OF LEARNER | F2: 1ST TERM | L2: 2ND TERM | Q2: 3RD TERM | S2: TOTAL | T2: BALANCE | U2: EXPECTED
B3: ADM | C3: B/D | D3: B/F | E3: FEES | F3: TOTAL | G3: BALANCE | H3: EXPECTED | I3: B/F | J3: FEES | K3: TOTAL | L3: BALANCE | M3: EXPECTED | N3: B/F | O3: FEES | P3: TOTAL | Q3: BALANCE | R3: EXPECTED
A4: RAMSEY NOAH KIPRUTO | B4: 0059 | C4: B | E4: 16500 | F4: =E4 -> 16500 | G4: =H4+D4-F4 -> 0 | H4: 16500 | I4: =G4 -> 0 | J4: 10000 | K4: =J4 -> 10000 | L4: =M4+I4-K4 -> 0 | M4: 10000 | N4: =L4 -> 0 | O4: 5000 | P4: =O4 -> 5000 | Q4: =R4+N4-P4 -> 0 | R4: 5000
A5: JOY JEPCHUMBA | B5: 0060 | C5: B | E5: 13000 | F5: =E5 -> 13000 | G5: =H5+D5-F5 -> 0 | H5: 13000 | I5: =G5 -> 0 | J5: 10000 | K5: =J5 -> 10000 | L5: =M5+I5-K5 -> 0 | M5: 10000 | N5: =L5 -> 0 | O5: 4000 | P5: =O5 -> 4000 | Q5: =R5+N5-P5 -> 1000 | R5: 5000
A6: MERCY KORIR | B6: 0061 | C6: B | D6: 25500 | E6: 12000 | F6: =E6 -> 12000 | G6: =H6+D6-F6 -> 30000 | H6: 16500 | I6: =G6 -> 30000 | J6: 10500 | K6: =J6 -> 10500 | L6: =M6+I6-K6 -> 29500 | M6: 10000 | N6: =L6 -> 29500 | O6: 5000 | P6: =O6 -> 5000 | Q6: =R6+N6-P6 -> 29500 | R6: 5000
A7: PATIENCE CHEPKORIR | B7: 0062 | C7: D | E7: 13000 | F7: =E7 -> 13000 | G7: =H7+D7-F7 -> 0 | H7: 13000 | I7: =G7 -> 0 | J7: 8500 | K7: =J7 -> 8500 | L7: =M7+I7-K7 -> 0 | M7: 8500 | N7: =L7 -> 0 | P7: =O7 -> 0 | Q7: =R7+N7-P7 -> 2000 | R7: 2000
A8: MATHEW KIPLAGAT | B8: 0063 | C8: B | D8: 5500 | E8: 10000 | F8: =E8 -> 10000 | G8: =H8+D8-F8 -> 8500 | H8: 13000 | I8: =G8 -> 8500 | J8: 8000 | K8: =J8 -> 8000 | L8: =M8+I8-K8 -> 10500 | M8: 10000 | N8: =L8 -> 10500 | P8: =O8 -> 0 | Q8: =R8+N8-P8 -> 15500 | R8: 5000
A9: SANDRA JEPKURUI | B9: 0064 | C9: B | D9: 18160 | E9: 3500 | F9: =E9 -> 3500 | G9: =H9+D9-F9 -> 26210 | H9: 11550 | I9: =G9 -> 26210 | J9: 3500 | K9: =J9 -> 3500 | L9: =M9+I9-K9 -> 29710 | M9: 7000 | N9: =L9 -> 29710 | O9: 4000 | P9: =O9 -> 4000 | Q9: =R9+N9-P9 -> 29210 | R9: 3500
A10: JUDITH JEBIWOTT | B10: 0065 | C10: B | E10: 16500 | F10: =E10 -> 16500 | G10: =H10+D10-F10 -> 0 | H10: 16500 | I10: =G10 -> 0 | J10: 8300 | K10: =J10 -> 8300 | L10: =M10+I10-K10 -> 1700 | M10: 10000 | N10: =L10 -> 1700 | P10: =O10 -> 0 | Q10: =R10+N10-P10 -> 6700 | R10: 5000
A11: RYAN CHEPKONGA | B11: 0066 | C11: D | E11: 10000 | F11: =E11 -> 10000 | G11: =H11+D11-F11 -> 3000 | H11: 13000 | I11: =G11 -> 3000 | J11: 13500 | K11: =J11 -> 13500 | L11: =M11+I11-K11 -> -2000 | M11: 8500 | N11: =L11 -> -2000 | P11: =O11 -> 0 | Q11: =R11+N11-P11 -> 0 | R11: 2000
A12: JOY JEPCHUMBA SIRMA | B12: 0068 | C12: B | E12: 16000 | F12: =E12 -> 16000 | G12: =H12+D12-F12 -> 500 | H12: 16500 | I12: =G12 -> 500 | J12: =9200+1000 -> 10200 | K12: =J12 -> 10200 | L12: =M12+I12-K12 -> 300 | M12: 10000 | N12: =L12 -> 300 | P12: =O12 -> 0 | Q12: =R12+N12-P12 -> 5300 | R12: 5000
A13: MERCY JELIMO | B13: 0069 | C13: B | E13: 11500 | F13: =E13 -> 11500 | G13: =H13+D13-F13 -> 5000 | H13: 16500 | I13: =G13 -> 5000 | J13: =13000+2000 -> 15000 | K13: =J13 -> 15000 | L13: =M13+I13-K13 -> 0 | M13: 10000 | N13: =L13 -> 0 | O13: 4500 | P13: =O13 -> 4500 | Q13: =R13+N13-P13 -> 500 | R13: 5000
A14: IVAN SIMIYU | B14: 0070 | C14: B | D14: 20500 | E14: 9000 | F14: =E14 -> 9000 | G14: =H14+D14-F14 -> 28000 | H14: 16500 | I14: =G14 -> 28000 | J14: 9000 | K14: =J14 -> 9000 | L14: =M14+I14-K14 -> 29000 | M14: 10000 | N14: =L14 -> 29000 | O14: 2000 | P14: =O14 -> 2000 | Q14: =R14+N14-P14 -> 32000 | R14: 5000
A15: RENNY KIPCHIRCHIR | B15: 0071 | C15: B | E15: 13000 | F15: =E15 -> 13000 | G15: =H15+D15-F15 -> 0 | H15: 13000 | I15: =G15 -> 0 | J15: 10000 | K15: =J15 -> 10000 | L15: =M15+I15-K15 -> 0 | M15: 10000 | N15: =L15 -> 0 | P15: =O15 -> 0 | Q15: =R15+N15-P15 -> 5000 | R15: 5000
A16: FESTUS KIPROTICH | B16: 0072 | C16: B | E16: 13500 | F16: =E16 -> 13500 | G16: =H16+D16-F16 -> 3000 | H16: 16500 | I16: =G16 -> 3000 | J16: 13000 | K16: =J16 -> 13000 | L16: =M16+I16-K16 -> 0 | M16: 10000 | N16: =L16 -> 0 | P16: =O16 -> 0 | Q16: =R16+N16-P16 -> 5000 | R16: 5000
A17: SHANTEL JELAGAT | B17: 0073 | C17: D | E17: 10000 | F17: =E17 -> 10000 | G17: =H17+D17-F17 -> 3000 | H17: 13000 | I17: =G17 -> 3000 | J17: 11500 | K17: =J17 -> 11500 | L17: =M17+I17-K17 -> 0 | M17: 8500 | N17: =L17 -> 0 | O17: 2000 | P17: =O17 -> 2000 | Q17: =R17+N17-P17 -> 0 | R17: 2000
A18: PHINIAS KIMUTAI | B18: 0074 | C18: B | E18: 20700 | F18: =E18 -> 20700 | G18: =H18+D18-F18 -> -7700 | H18: 13000 | I18: =G18 -> -7700 | K18: =J18 -> 0 | L18: =M18+I18-K18 -> 2300 | M18: 10000 | N18: =L18 -> 2300 | P18: =O18 -> 0 | Q18: =R18+N18-P18 -> 7300 | R18: 5000
A19: VICTOR KIPTUM | B19: 0075 | C19: B | E19: 16000 | F19: =E19 -> 16000 | G19: =H19+D19-F19 -> 500 | H19: 16500 | I19: =G19 -> 500 | J19: =9000+1500 -> 10500 | K19: =J19 -> 10500 | L19: =M19+I19-K19 -> 0 | M19: 10000 | N19: =L19 -> 0 | P19: =O19 -> 0 | Q19: =R19+N19-P19 -> 5000 | R19: 5000
A20: DORCAS CHERUTO | B20: 0076 | C20: B | E20: 15500 | F20: =E20 -> 15500 | G20: =H20+D20-F20 -> 1000 | H20: 16500 | I20: =G20 -> 1000 | J20: 11000 | K20: =J20 -> 11000 | L20: =M20+I20-K20 -> 0 | M20: 10000 | N20: =L20 -> 0 | O20: 5000 | P20: =O20 -> 5000 | Q20: =R20+N20-P20 -> 0 | R20: 5000
A21: GIDEON KIBET | B21: 0424 | C21: D | E21: 16500 | F21: =E21 -> 16500 | G21: =H21+D21-F21 -> -3500 | H21: 13000 | I21: =G21 -> -3500 | J21: 6500 | K21: =J21 -> 6500 | L21: =M21+I21-K21 -> 0 | M21: 10000 | N21: =L21 -> 0 | O21: 3500 | P21: =O21 -> 3500 | Q21: =R21+N21-P21 -> 1500 | R21: 5000
A22: BECKY CHERUTO | B22: 0349 | C22: B | E22: 31500 | F22: =E22 -> 31500 | G22: =H22+D22-F22 -> -15000 | H22: 16500 | I22: =G22 -> -15000 | K22: =J22 -> 0 | L22: =M22+I22-K22 -> -5000 | M22: 10000 | N22: =L22 -> -5000 | P22: =O22 -> 0 | Q22: =R22+N22-P22 -> 0 | R22: 5000
A23: BENTER CHERONO | B23: 0350 | C23: B | E23: 31500 | F23: =E23 -> 31500 | G23: =H23+D23-F23 -> -15000 | H23: 16500 | I23: =G23 -> -15000 | K23: =J23 -> 0 | L23: =M23+I23-K23 -> -5000 | M23: 10000 | N23: =L23 -> -5000 | P23: =O23 -> 0 | Q23: =R23+N23-P23 -> 0 | R23: 5000
A24: MERCY JEPKURUI CHOGE | B24: 0321 | C24: B | E24: 32500 | F24: =E24 -> 32500 | G24: =H24+D24-F24 -> -16000 | H24: 16500 | I24: =G24 -> -16000 | K24: =J24 -> 0 | L24: =M24+I24-K24 -> -7500 | M24: 8500 | N24: =L24 -> -7500 | P24: =O24 -> 0 | Q24: =R24+N24-P24 -> -2500 | R24: 5000
A25: BRIAN LAGAT | B25: 0360 | C25: D | E25: 13500 | F25: =E25 -> 13500 | G25: =H25+D25-F25 -> -500 | H25: 13000 | I25: =G25 -> -500 | J25: 8000 | K25: =J25 -> 8000 | L25: =M25+I25-K25 -> 0 | M25: 8500 | N25: =L25 -> 0 | P25: =O25 -> 0 | Q25: =R25+N25-P25 -> 2000 | R25: 2000
A26: JOYLINE JEROTICH | B26: 0391 | C26: B | E26: 16450 | F26: =E26 -> 16450 | G26: =H26+D26-F26 -> 50 | H26: 16500 | I26: =G26 -> 50 | J26: 10050 | K26: =J26 -> 10050 | L26: =M26+I26-K26 -> 0 | M26: 10000 | N26: =L26 -> 0 | O26: 3000 | P26: =O26 -> 3000 | Q26: =R26+N26-P26 -> 2000 | R26: 5000
A27: GODWIN KIPROP | B27: 0367 | C27: B | E27: 9000 | F27: =E27 -> 9000 | G27: =H27+D27-F27 -> 7500 | H27: 16500 | I27: =G27 -> 7500 | J27: =9000+3500+3000 -> 15500 | K27: =J27 -> 15500 | L27: =M27+I27-K27 -> 2000 | M27: 10000 | N27: =L27 -> 2000 | O27: 3000 | P27: =O27 -> 3000 | Q27: =R27+N27-P27 -> 4000 | R27: 5000
A28: ABIGAEL CHELANG'AT | B28: 0425 | C28: D | E28: 13000 | F28: =E28 -> 13000 | G28: =H28+D28-F28 -> 0 | H28: 13000 | I28: =G28 -> 0 | J28: 10000 | K28: =J28 -> 10000 | L28: =M28+I28-K28 -> 0 | M28: 10000 | N28: =L28 -> 0 | O28: 2000 | P28: =O28 -> 2000 | Q28: =R28+N28-P28 -> 0 | R28: 2000
A29: DEBORAH CHEROTICH | B29: 0372 | C29: B | E29: 18000 | F29: =E29 -> 18000 | G29: =H29+D29-F29 -> -1500 | H29: 16500 | I29: =G29 -> -1500 | J29: 10000 | K29: =J29 -> 10000 | L29: =M29+I29-K29 -> -1500 | M29: 10000 | N29: =L29 -> -1500 | O29: 4000 | P29: =O29 -> 4000 | Q29: =R29+N29-P29 -> -500 | R29: 5000
A30: SHANTEL JEPKEMBOI | B30: 0356 | C30: B | E30: 11000 | F30: =E30 -> 11000 | G30: =H30+D30-F30 -> 5500 | H30: 16500 | I30: =G30 -> 5500 | J30: 15500 | K30: =J30 -> 15500 | L30: =M30+I30-K30 -> 0 | M30: 10000 | N30: =L30 -> 0 | O30: 1500 | P30: =O30 -> 1500 | Q30: =R30+N30-P30 -> 3500 | R30: 5000
A31: PRECIOUS JELIMO | B31: 0357 | C31: B | E31: 31500 | F31: =E31 -> 31500 | G31: =H31+D31-F31 -> -15000 | H31: 16500 | I31: =G31 -> -15000 | K31: =J31 -> 0 | L31: =M31+I31-K31 -> -5000 | M31: 10000 | N31: =L31 -> -5000 | P31: =O31 -> 0 | Q31: =R31+N31-P31 -> 0 | R31: 5000
A32: YVONNE JEPCHUMBA | B32: 0408 | C32: D | E32: 10000 | F32: =E32 -> 10000 | G32: =H32+D32-F32 -> 3000 | H32: 13000 | I32: =G32 -> 3000 | J32: 9000 | K32: =J32 -> 9000 | L32: =M32+I32-K32 -> 2500 | M32: 8500 | N32: =L32 -> 2500 | O32: 1000 | P32: =O32 -> 1000 | Q32: =R32+N32-P32 -> 3500 | R32: 2000
A33: GLORIA JEPKEMBOI | B33: 0370 | C33: B | E33: 16500 | F33: =E33 -> 16500 | G33: =H33+D33-F33 -> 0 | H33: 16500 | I33: =G33 -> 0 | J33: 10000 | K33: =J33 -> 10000 | L33: =M33+I33-K33 -> 0 | M33: 10000 | N33: =L33 -> 0 | P33: =O33 -> 0 | Q33: =R33+N33-P33 -> 5000 | R33: 5000
A34: ELIVS KIPKOECH | B34: 0426 | C34: B | E34: 2000 | F34: =E34 -> 2000 | G34: =H34+D34-F34 -> 9550 | H34: 11550 | I34: =G34 -> 9550 | J34: 5000 | K34: =J34 -> 5000 | L34: =M34+I34-K34 -> 10500 | M34: 5950 | N34: =L34 -> 10500 | P34: =O34 -> 0 | Q34: =R34+N34-P34 -> 14000 | R34: 3500
A35: RENNY JEBICHII | B35: 0443 | C35: B | E35: 16500 | F35: =E35 -> 16500 | G35: =H35+D35-F35 -> 0 | H35: 16500 | I35: =G35 -> 0 | J35: 15000 | K35: =J35 -> 15000 | L35: =M35+I35-K35 -> -5000 | M35: 10000 | N35: =L35 -> -5000 | P35: =O35 -> 0 | Q35: =R35+N35-P35 -> 0 | R35: 5000
A36: BRILLIANT CHERUTO | B36: 0451 | C36: D | E36: 7000 | F36: =E36 -> 7000 | G36: =H36+D36-F36 -> 6000 | H36: 13000 | I36: =G36 -> 6000 | J36: 6000 | K36: =J36 -> 6000 | L36: =M36+I36-K36 -> 8500 | M36: 8500 | N36: =L36 -> 8500 | P36: =O36 -> 0 | Q36: =R36+N36-P36 -> 10500 | R36: 2000
A37: LYNN CHEROP | B37: 0460 | C37: B | F37: =E37 -> 0 | G37: =H37+D37-F37 -> 0 | H37: 0 | I37: =G37 -> 0 | J37: 10000 | K37: =J37 -> 10000 | L37: =M37+I37-K37 -> 0 | M37: 10000 | N37: =L37 -> 0 | O37: 5000 | P37: =O37 -> 5000 | Q37: =R37+N37-P37 -> 0 | R37: 5000
A38: ANGELJEPCHUMBA | B38: 0499 | C38: B | F38: =E38 -> 0 | G38: =H38+D38-F38 -> 0 | H38: 0 | I38: =G38 -> 0 | J38: 10000 | K38: =J38 -> 10000 | L38: =M38+I38-K38 -> 0 | M38: 10000 | N38: =L38 -> 0 | P38: =O38 -> 0 | Q38: =R38+N38-P38 -> 5000 | R38: 5000
A39: TOTALS | D39: =SUM(D4:D35) -> 69660 | F39: =SUM(F4:F35) -> 489150 | G39: =SUM(G4:G38) -> 66110 | H39: =SUM(H4:H38) -> 492600 | I39: =G39 -> 66110 | K39: =SUM(K4:K38) -> 303050 | L39: =SUM(L4:L38) -> 95510 | M39: =SUM(M4:M38) -> 332450 | N39: =SUM(N4:N38) -> 95510 | P39: =SUM(P4:P38) -> 54500 | Q39: =SUM(Q4:Q38) -> 192010 | R39: =SUM(R4:R38) -> 151000

Sheet GRADE 7
A2: NAME OF LEARNER | F2: 1ST TERM | L2: 2ND TERM | Q2: 3RD TERM | S2: TOTAL | T2: BALANCE | U2: EXPECTED
B3: ADM | C3: B/D | D3: B/F | E3: FEES | F3: TOTAL | G3: BALANCE | H3: EXPECTED | I3: B/F | J3: FEES | K3: TOTAL | L3: BALANCE | M3: EXPECTED | N3: B/F | O3: FEES | P3: TOTAL | Q3: BALANCE | R3: EXPECTED
A4: ELVIS KIPROP RONO | B4: 0038 | C4: B | E4: 19500 | F4: =E4 -> 19500 | G4: =H4+D4-F4 -> 0 | H4: 19500 | I4: =G4 -> 0 | J4: 12000 | K4: =J4 -> 12000 | L4: =M4+I4-K4 -> 0 | M4: 12000 | N4: =L4 -> 0 | O4: 6000 | P4: =O4 -> 6000 | Q4: =R4+N4-P4 -> 0 | R4: 6000
A5: TITUS KIPRUTO | B5: 0039 | C5: B | E5: 19500 | F5: =E5 -> 19500 | G5: =H5+D5-F5 -> 0 | H5: 19500 | I5: =G5 -> 0 | J5: 12000 | K5: =J5 -> 12000 | L5: =M5+I5-K5 -> 0 | M5: 12000 | N5: =L5 -> 0 | O5: 6000 | P5: =O5 -> 6000 | Q5: =R5+N5-P5 -> 0 | R5: 6000
A6: AUDRY JEPTOO | B6: 0040 | C6: B | E6: 19500 | F6: =E6 -> 19500 | G6: =H6+D6-F6 -> 0 | H6: 19500 | I6: =G6 -> 0 | J6: 12000 | K6: =J6 -> 12000 | L6: =M6+I6-K6 -> 0 | M6: 12000 | N6: =L6 -> 0 | P6: =O6 -> 0 | Q6: =R6+N6-P6 -> 6000 | R6: 6000
A7: LEILA JEROP | B7: 0041 | C7: B | E7: 10025 | F7: =E7 -> 10025 | G7: =H7+D7-F7 -> 9475 | H7: 19500 | I7: =G7 -> 9475 | J7: 19150 | K7: =J7 -> 19150 | L7: =M7+I7-K7 -> 2325 | M7: 12000 | N7: =L7 -> 2325 | P7: =O7 -> 0 | Q7: =R7+N7-P7 -> 8325 | R7: 6000
A8: JOY JEROP | B8: 0042 | C8: B | D8: 1000 | E8: 16000 | F8: =E8 -> 16000 | G8: =H8+D8-F8 -> 4500 | H8: 19500 | I8: =G8 -> 4500 | J8: 14000 | K8: =J8 -> 14000 | L8: =M8+I8-K8 -> 2500 | M8: 12000 | N8: =L8 -> 2500 | O8: 5000 | P8: =O8 -> 5000 | Q8: =R8+N8-P8 -> 3500 | R8: 6000
A9: ALEXIA JERUTO | B9: 0043 | C9: B | F9: =E9 -> 0 | G9: =H9+D9-F9 -> 19500 | H9: 19500 | I9: =G9 -> 19500 | J9: 15000 | K9: =J9 -> 15000 | L9: =M9+I9-K9 -> 16500 | M9: 12000 | N9: =L9 -> 16500 | P9: =O9 -> 0 | Q9: =R9+N9-P9 -> 22500 | R9: 6000
A10: BRIAN KIPROP | B10: 0045 | C10: B | E10: 16000 | F10: =E10 -> 16000 | G10: =H10+D10-F10 -> 0 | H10: 16000 | I10: =G10 -> 0 | J10: 10000 | K10: =J10 -> 10000 | L10: =M10+I10-K10 -> 2000 | M10: 12000 | N10: =L10 -> 2000 | P10: =O10 -> 0 | Q10: =R10+N10-P10 -> 8000 | R10: 6000
A11: JACKLINE JEPKOECH | B11: 0046 | C11: D | D11: 3300 | E11: 3300 | F11: =E11 -> 3300 | G11: =H11+D11-F11 -> 16000 | H11: 16000 | I11: =G11 -> 16000 | J11: =9000+3000 -> 12000 | K11: =J11 -> 12000 | L11: =M11+I11-K11 -> 14000 | M11: 10000 | N11: =L11 -> 14000 | P11: =O11 -> 0 | Q11: =R11+N11-P11 -> 19000 | R11: 5000
A12: FABIAN KIBET | B12: 0047 | C12: B | E12: 19500 | F12: =E12 -> 19500 | G12: =H12+D12-F12 -> 0 | H12: 19500 | I12: =G12 -> 0 | J12: 10000 | K12: =J12 -> 10000 | L12: =M12+I12-K12 -> 2000 | M12: 12000 | N12: =L12 -> 2000 | O12: =2500+5500 -> 8000 | P12: =O12 -> 8000 | Q12: =R12+N12-P12 -> 0 | R12: 6000
A13: LEVIN KIPRUTO | B13: 0048 | C13: D | E13: 2750 | F13: =E13 -> 2750 | G13: =H13+D13-F13 -> 13250 | H13: 16000 | I13: =G13 -> 13250 | J13: =2400+8000+10000 -> 20400 | K13: =J13 -> 20400 | L13: =M13+I13-K13 -> 2850 | M13: 10000 | N13: =L13 -> 2850 | P13: =O13 -> 0 | Q13: =R13+N13-P13 -> 7850 | R13: 5000
A14: CAREN JEROTICH | B14: 0050 | C14: B | D14: 19100 | E14: 3500 | F14: =E14 -> 3500 | G14: =H14+D14-F14 -> 29250 | H14: 13650 | I14: =G14 -> 29250 | J14: 3500 | K14: =J14 -> 3500 | L14: =M14+I14-K14 -> 34150 | M14: 8400 | N14: =L14 -> 34150 | O14: 4000 | P14: =O14 -> 4000 | Q14: =R14+N14-P14 -> 36150 | R14: 6000
A15: IAN MUTAI | B15: 0051 | C15: B | E15: 19500 | F15: =E15 -> 19500 | G15: =H15+D15-F15 -> 0 | H15: 19500 | I15: =G15 -> 0 | J15: 11500 | K15: =J15 -> 11500 | L15: =M15+I15-K15 -> 500 | M15: 12000 | N15: =L15 -> 500 | O15: 3500 | P15: =O15 -> 3500 | Q15: =R15+N15-P15 -> 3000 | R15: 6000
A16: SHEM KORIR | B16: 0054 | C16: B | D16: 25250 | F16: =E16 -> 0 | G16: =H16+D16-F16 -> 44750 | H16: 19500 | I16: =G16 -> 44750 | K16: =J16 -> 0 | L16: =M16+I16-K16 -> 44750 | M16: 0 | N16: =L16 -> 44750 | P16: =O16 -> 0 | Q16: =R16+N16-P16 -> 44750 | R16: 0
A17: EMMANUEL KIPKOECH | B17: 0055 | C17: B | E17: 19500 | F17: =E17 -> 19500 | G17: =H17+D17-F17 -> 0 | H17: 19500 | I17: =G17 -> 0 | J17: =9000+2000 -> 11000 | K17: =J17 -> 11000 | L17: =M17+I17-K17 -> 1000 | M17: 12000 | N17: =L17 -> 1000 | P17: =O17 -> 0 | Q17: =R17+N17-P17 -> 7000 | R17: 6000
A18: CALEB KIPKURUI | B18: 0056 | C18: D | E18: 16000 | F18: =E18 -> 16000 | G18: =H18+D18-F18 -> 0 | H18: 16000 | I18: =G18 -> 0 | J18: 0 | K18: =J18 -> 0 | L18: =M18+I18-K18 -> 0 | M18: 0 | N18: =L18 -> 0 | P18: =O18 -> 0 | Q18: =R18+N18-P18 -> 0 | R18: 0
A19: RAWLAND KIPLIMO | B19: 0057 | C19: B | E19: 16000 | F19: =E19 -> 16000 | G19: =H19+D19-F19 -> 0 | H19: 16000 | I19: =G19 -> 0 | J19: 12000 | K19: =J19 -> 12000 | L19: =M19+I19-K19 -> 0 | M19: 12000 | N19: =L19 -> 0 | O19: 6000 | P19: =O19 -> 6000 | Q19: =R19+N19-P19 -> 0 | R19: 6000
A20: BLESSING JEPLETTING | B20: 0058 | C20: B | E20: 16000 | F20: =E20 -> 16000 | G20: =H20+D20-F20 -> 0 | H20: 16000 | I20: =G20 -> 0 | J20: 12000 | K20: =J20 -> 12000 | L20: =M20+I20-K20 -> 0 | M20: 12000 | N20: =L20 -> 0 | O20: 5000 | P20: =O20 -> 5000 | Q20: =R20+N20-P20 -> 1000 | R20: 6000
A21: EMMANUEL KIPKOSGEI | B21: 0379 | C21: B | E21: 19500 | F21: =E21 -> 19500 | G21: =H21+D21-F21 -> 0 | H21: 19500 | I21: =G21 -> 0 | J21: 12000 | K21: =J21 -> 12000 | L21: =M21+I21-K21 -> 0 | M21: 12000 | N21: =L21 -> 0 | O21: 6000 | P21: =O21 -> 6000 | Q21: =R21+N21-P21 -> 0 | R21: 6000
A22: TIMOTHY KIPLAGAT | B22: 0422 | C22: B | E22: 18000 | F22: =E22 -> 18000 | G22: =H22+D22-F22 -> 1500 | H22: 19500 | I22: =G22 -> 1500 | J22: 1500 | K22: =J22 -> 1500 | L22: =M22+I22-K22 -> 0 | M22: 0 | N22: =L22 -> 0 | P22: =O22 -> 0 | Q22: =R22+N22-P22 -> 0 | R22: 0
A23: ASHLEY JEPCHUMBA NYARIKKI | B23: 0436 | C23: B | E23: 17000 | F23: =E23 -> 17000 | G23: =H23+D23-F23 -> 2500 | H23: 19500 | I23: =G23 -> 2500 | J23: =13000+1500 -> 14500 | K23: =J23 -> 14500 | L23: =M23+I23-K23 -> 0 | M23: 12000 | N23: =L23 -> 0 | O23: 3000 | P23: =O23 -> 3000 | Q23: =R23+N23-P23 -> 3000 | R23: 6000
A24: KIM ZANWEL | B24: 0437 | C24: B | E24: 13000 | F24: =E24 -> 13000 | G24: =H24+D24-F24 -> 6500 | H24: 19500 | I24: =G24 -> 6500 | J24: 6000 | K24: =J24 -> 6000 | L24: =M24+I24-K24 -> 3050 | M24: 2550 | N24: =L24 -> 3050 | P24: =O24 -> 0 | Q24: =R24+N24-P24 -> 7250 | R24: 4200
A25: RYAN KIBET | B25: 0478 | C25: D | F25: =E25 -> 0 | G25: =H25+D25-F25 -> 0 | H25: 0 | I25: =G25 -> 0 | J25: 9900 | K25: =J25 -> 9900 | L25: =M25+I25-K25 -> 100 | M25: 10000 | N25: =L25 -> 100 | O25: 2000 | P25: =O25 -> 2000 | Q25: =R25+N25-P25 -> 3100 | R25: 5000
A26: COREEN CHEMUTAI | B26: 0472 | C26: B | F26: =E26 -> 0 | G26: =H26+D26-F26 -> 0 | H26: 0 | I26: =G26 -> 0 | J26: =7250+1750 -> 9000 | K26: =J26 -> 9000 | L26: =M26+I26-K26 -> 3000 | M26: 12000 | N26: =L26 -> 3000 | P26: =O26 -> 0 | Q26: =R26+N26-P26 -> 9000 | R26: 6000
A27: DANNY EMONYI | B27: 0504 | C27: B | F27: =E27 -> 0 | G27: =H27+D27-F27 -> 0 | H27: 0 | I27: =G27 -> 0 | J27: 12000 | K27: =J27 -> 12000 | L27: =M27+I27-K27 -> 0 | M27: 12000 | N27: =L27 -> 0 | O27: 6000 | P27: =O27 -> 6000 | Q27: =R27+N27-P27 -> 0 | R27: 6000
A28: TOTALS | D28: =SUM(D4:D24) -> 48650 | F28: =SUM(F4:F24) -> 284075 | G28: =SUM(G4:G24) -> 147225 | H28: =SUM(H4:H27) -> 382650 | I28: =G28 -> 147225 | K28: =SUM(K4:K27) -> 251450 | L28: =SUM(L4:L27) -> 128725 | M28: =SUM(M4:M27) -> 232950 | N28: =SUM(N4:N27) -> 128725 | P28: =SUM(P4:P27) -> 60500 | Q28: =SUM(Q4:Q27) -> 189425 | R28: =SUM(R4:R27) -> 121200

Sheet GRADE 8
A2: NAME OF LEARNER | F2: 1ST TERM | L2: 2ND TERM | Q2: 3RD TERM | S2: TOTAL | T2: BALANCE | U2: EXPECTED
B3: ADM | C3: B/D | D3: B/F | E3: FEES | F3: TOTAL | G3: BALANCE | H3: EXPECTED | I3: B/F | J3: FEES | K3: TOTAL | L3: BALANCE | M3: EXPECTED | N3: B/F | O3: FEES | P3: TOTAL | Q3: BALANCE | R3: EXPECTED
A4: LELYS JEPTOO | B4: 0017 | C4: B | E4: 20000 | F4: =E4 -> 20000 | G4: =H4+D4-F4 -> -500 | H4: 19500 | I4: =G4 -> -500 | J4: 11500 | K4: =J4 -> 11500 | L4: =M4+I4-K4 -> 0 | M4: 12000 | N4: =L4 -> 0 | O4: 6000 | P4: =O4 -> 6000 | Q4: =R4+N4-P4 -> 0 | R4: 6000
A5: GAD KIBET | B5: 0018 | C5: B | D5: 2000 | E5: 20500 | F5: =E5 -> 20500 | G5: 500 | H5: 19500 | I5: =G5 -> 500 | J5: 12400 | K5: =J5 -> 12400 | L5: =M5+I5-K5 -> 100 | M5: 12000 | N5: =L5 -> 100 | P5: =O5 -> 0 | Q5: =R5+N5-P5 -> 6100 | R5: 6000
A6: MITCHELLE TYRA JEPCHUMBA | B6: 0019 | C6: B | E6: 19500 | F6: =E6 -> 19500 | G6: =H6+D6-F6 -> 0 | H6: 19500 | I6: =G6 -> 0 | J6: 12000 | K6: =J6 -> 12000 | L6: =M6+I6-K6 -> 0 | M6: 12000 | N6: =L6 -> 0 | P6: =O6 -> 0 | Q6: =R6+N6-P6 -> 6000 | R6: 6000
A7: TONY KIPTOO | B7: 0020 | C7: B | E7: 37500 | F7: =E7 -> 37500 | G7: =H7+D7-F7 -> -18000 | H7: 19500 | I7: =G7 -> -18000 | K7: =J7 -> 0 | L7: =M7+I7-K7 -> -6000 | M7: 12000 | N7: =L7 -> -6000 | P7: =O7 -> 0 | Q7: =R7+N7-P7 -> 0 | R7: 6000
A8: COLLINS KIPKORIR | B8: 0021 | C8: B | E8: 19500 | F8: =E8 -> 19500 | G8: =H8+D8-F8 -> 0 | H8: 19500 | I8: =G8 -> 0 | J8: 10000 | K8: =J8 -> 10000 | L8: =M8+I8-K8 -> 2000 | M8: 12000 | N8: =L8 -> 2000 | P8: =O8 -> 0 | Q8: =R8+N8-P8 -> 8000 | R8: 6000
A9: CAREN JERUTO | B9: 0022 | C9: B | D9: 19150 | E9: 16750 | F9: =E9 -> 16750 | G9: =H9+D9-F9 -> 18400 | H9: 16000 | I9: =G9 -> 18400 | J9: =23230+5170 -> 28400 | K9: =J9 -> 28400 | L9: =M9+I9-K9 -> 0 | M9: 10000 | N9: =L9 -> 0 | P9: =O9 -> 0 | Q9: =R9+N9-P9 -> 6000 | R9: 6000
A10: SHALINE JERUTO | B10: 0023 | C10: B | E10: 17000 | F10: =E10 -> 17000 | G10: =H10+D10-F10 -> 2500 | H10: 19500 | I10: =G10 -> 2500 | J10: =13500+1000 -> 14500 | K10: =J10 -> 14500 | L10: =M10+I10-K10 -> 0 | M10: 12000 | N10: =L10 -> 0 | O10: 6000 | P10: =O10 -> 6000 | Q10: =R10+N10-P10 -> 0 | R10: 6000
A11: JOY JEPKOECH KIMAIYO | B11: 0024 | C11: B | E11: 19500 | F11: =E11 -> 19500 | G11: =H11+D11-F11 -> 0 | H11: 19500 | I11: =G11 -> 0 | J11: 12000 | K11: =J11 -> 12000 | L11: =M11+I11-K11 -> 0 | M11: 12000 | N11: =L11 -> 0 | O11: 6000 | P11: =O11 -> 6000 | Q11: =R11+N11-P11 -> 0 | R11: 6000
A12: DEBRA JEPKEMOI | B12: 0025 | C12: B | E12: 19500 | F12: =E12 -> 19500 | G12: =H12+D12-F12 -> 0 | H12: 19500 | I12: =G12 -> 0 | J12: 13000 | K12: =J12 -> 13000 | L12: =M12+I12-K12 -> -1000 | M12: 12000 | N12: =L12 -> -1000 | P12: =O12 -> 0 | Q12: =R12+N12-P12 -> 5000 | R12: 6000
A13: BOAZ KIPCHUMBA | B13: 0026 | C13: B | E13: 19500 | F13: =E13 -> 19500 | G13: =H13+D13-F13 -> 0 | H13: 19500 | I13: =G13 -> 0 | J13: 12000 | K13: =J13 -> 12000 | L13: =M13+I13-K13 -> 0 | M13: 12000 | N13: =L13 -> 0 | O13: 4000 | P13: =O13 -> 4000 | Q13: =R13+N13-P13 -> 2000 | R13: 6000
A14: NATHAN KIPCHUMBA | B14: 0027 | C14: B | E14: 19500 | F14: =E14 -> 19500 | G14: =H14+D14-F14 -> 0 | H14: 19500 | I14: =G14 -> 0 | J14: 12000 | K14: =J14 -> 12000 | L14: =M14+I14-K14 -> 0 | M14: 12000 | N14: =L14 -> 0 | O14: 4500 | P14: =O14 -> 4500 | Q14: =R14+N14-P14 -> 1500 | R14: 6000
A15: JOASH KIPROP | B15: 0028 | C15: B | E15: 19500 | F15: =E15 -> 19500 | G15: =H15+D15-F15 -> 0 | H15: 19500 | I15: =G15 -> 0 | J15: 12000 | K15: =J15 -> 12000 | L15: =M15+I15-K15 -> 0 | M15: 12000 | N15: =L15 -> 0 | O15: 6000 | P15: =O15 -> 6000 | Q15: =R15+N15-P15 -> 0 | R15: 6000
A16: GIDIEON KIPCHUMBA | B16: 0029 | C16: B | D16: 6000 | E16: 12450 | F16: =E16 -> 12450 | G16: =H16+D16-F16 -> 13050 | H16: 19500 | I16: =G16 -> 13050 | J16: =22000+1000 -> 23000 | K16: =J16 -> 23000 | L16: =M16+I16-K16 -> 2050 | M16: 12000 | N16: =L16 -> 2050 | O16: 1000 | P16: =O16 -> 1000 | Q16: =R16+N16-P16 -> 7050 | R16: 6000
A17: EMMANUEL KIPLAGAT | B17: 0030 | C17: B | E17: 19500 | F17: =E17 -> 19500 | G17: =H17+D17-F17 -> 0 | H17: 19500 | I17: =G17 -> 0 | J17: =10000+2000 -> 12000 | K17: =J17 -> 12000 | L17: =M17+I17-K17 -> 0 | M17: 12000 | N17: =L17 -> 0 | P17: =O17 -> 0 | Q17: =R17+N17-P17 -> 6000 | R17: 6000
A18: DEBRA KOSGEI | B18: 0031 | C18: B | E18: 19500 | F18: =E18 -> 19500 | G18: =H18+D18-F18 -> 0 | H18: 19500 | I18: =G18 -> 0 | J18: 12000 | K18: =J18 -> 12000 | L18: =M18+I18-K18 -> 0 | M18: 12000 | N18: =L18 -> 0 | O18: 3000 | P18: =O18 -> 3000 | Q18: =R18+N18-P18 -> 3000 | R18: 6000
A19: VIVIAN NYANGAI | B19: 0033 | C19: B | E19: 19500 | F19: =E19 -> 19500 | G19: =H19+D19-F19 -> 0 | H19: 19500 | I19: =G19 -> 0 | K19: =J19 -> 0 | L19: =M19+I19-K19 -> 0 | M19: 0 | N19: =L19 -> 0 | P19: =O19 -> 0 | Q19: =R19+N19-P19 -> 0 | R19: 0
A20: SERENITY JERONO | B20: 0034 | C20: B | E20: 15500 | F20: =E20 -> 15500 | G20: =H20+D20-F20 -> 4000 | H20: 19500 | I20: =G20 -> 4000 | J20: =3000+13000 -> 16000 | K20: =J20 -> 16000 | L20: =M20+I20-K20 -> 0 | M20: 12000 | N20: =L20 -> 0 | O20: 3000 | P20: =O20 -> 3000 | Q20: =R20+N20-P20 -> 3000 | R20: 6000
A21: JOYLEEN JEBET | B21: 0035 | C21: B | E21: 17000 | F21: =E21 -> 17000 | G21: =H21+D21-F21 -> 2500 | H21: 19500 | I21: =G21 -> 2500 | J21: 14500 | K21: =J21 -> 14500 | L21: =M21+I21-K21 -> 0 | M21: 12000 | N21: =L21 -> 0 | O21: 4500 | P21: =O21 -> 4500 | Q21: =R21+N21-P21 -> 1500 | R21: 6000
A22: BLESSING KIGEN | B22: 0036 | C22: B | E22: 16500 | F22: =E22 -> 16500 | G22: =H22+D22-F22 -> 3000 | H22: 19500 | I22: =G22 -> 3000 | J22: 15000 | K22: =J22 -> 15000 | L22: =M22+I22-K22 -> 0 | M22: 12000 | N22: =L22 -> 0 | P22: =O22 -> 0 | Q22: =R22+N22-P22 -> 6000 | R22: 6000
A23: DANIEL KIPROP | B23: 0037 | C23: B | E23: 19500 | F23: =E23 -> 19500 | G23: =H23+D23-F23 -> 0 | H23: 19500 | I23: =G23 -> 0 | J23: 12000 | K23: =J23 -> 12000 | L23: =M23+I23-K23 -> 0 | M23: 12000 | N23: =L23 -> 0 | P23: =O23 -> 0 | Q23: =R23+N23-P23 -> 6000 | R23: 6000
A24: ROBINSON KIPROP | B24: 0342 | C24: B | E24: 20000 | F24: =E24 -> 20000 | G24: =H24+D24-F24 -> -500 | H24: 19500 | I24: =G24 -> -500 | J24: 15000 | K24: =J24 -> 15000 | L24: =M24+I24-K24 -> -3500 | M24: 12000 | N24: =L24 -> -3500 | P24: =O24 -> 0 | Q24: =R24+N24-P24 -> 2500 | R24: 6000
A25: BRUCE KIPYEGO | B25: 0489 | C25: B | H25: 0 | I25: =G25 -> 0 | J25: =9300+2700 -> 12000 | K25: =J25 -> 12000 | L25: =M25+I25-K25 -> 0 | M25: 12000 | N25: =L25 -> 0 | O25: 2000 | P25: =O25 -> 2000 | Q25: =R25+N25-P25 -> 4000 | R25: 6000
A26: PAMELA JELIMO | B26: 0507 | C26: B | J26: 0 | K26: 0 | L26: =M26+I26-K26 -> 0 | M26: 0 | N26: =L26 -> 0 | O26: 6000 | P26: =O26 -> 6000 | Q26: =R26+N26-P26 -> 0 | R26: 6000
A27: TOTALS | D27: =SUM(D4:D24) -> 27150 | F27: =SUM(F4:F24) -> 407700 | G27: =SUM(G4:G24) -> 24950 | H27: =SUM(H4:H25) -> 406000 | I27: =G27 -> 24950 | K27: =SUM(K4:K25) -> 281300 | L27: 4150 | M27: =SUM(M4:M26) -> 250000 | N27: 4150 | P27: =SUM(P4:P26) -> 52000 | Q27: =R27+N27-P27 -> 84150 | R27: =SUM(R4:R26) -> 132000

Sheet GRADE 9
A2: NAME OF LEARNER | F2: 1ST TERM | L2: 2ND TERM | Q2: 3RD TERM | S2: TOTAL | T2: BALANCE | U2: EXPECTED
B3: ADM | C3: B/D | D3: B/F | E3: FEES | F3: TOTAL | G3: BALANCE | H3: EXPECTED | I3: B/F | J3: FEES | K3: TOTAL | L3: BALANCE | M3: EXPECTED | N3: B/F | O3: FEES | P3: TOTAL | Q3: BALANCE | R3: EXPECTED
A4: SANDRAH JEROP | B4: 0001 | C4: B | E4: 19500 | F4: =E4 -> 19500 | G4: =H4+D4-F4 -> 0 | H4: 19500 | I4: =G4 -> 0 | J4: 12000 | K4: =J4 -> 12000 | L4: =M4+I4-K4 -> 0 | M4: 12000 | N4: =L4 -> 0 | O4: 6000 | P4: =O4 -> 6000 | Q4: =R4+N4-P4 -> 0 | R4: 6000
A5: EMMANUEL MUTAI | B5: 0002 | C5: B | E5: 19500 | F5: =E5 -> 19500 | G5: =H5+D5-F5 -> 0 | H5: 19500 | I5: =G5 -> 0 | J5: 12000 | K5: =J5 -> 12000 | L5: =M5+I5-K5 -> 0 | M5: 12000 | N5: =L5 -> 0 | O5: 6000 | P5: =O5 -> 6000 | Q5: =R5+N5-P5 -> 0 | R5: 6000
A6: ANGELA JEPTOO | B6: 0003 | C6: B | E6: 19500 | F6: =E6 -> 19500 | G6: =H6+D6-F6 -> 0 | H6: 19500 | I6: =G6 -> 0 | J6: 12000 | K6: =J6 -> 12000 | L6: =M6+I6-K6 -> 0 | M6: 12000 | N6: =L6 -> 0 | P6: =O6 -> 0 | Q6: =R6+N6-P6 -> 6000 | R6: 6000
A7: KEPHER MUTAI | B7: 0004 | C7: B | E7: 14500 | F7: =E7 -> 14500 | G7: =H7+D7-F7 -> 5000 | H7: 19500 | I7: =G7 -> 5000 | J7: =11500+500+500+4500 -> 17000 | K7: =J7 -> 17000 | L7: =M7+I7-K7 -> 0 | M7: 12000 | N7: =L7 -> 0 | O7: 6000 | P7: =O7 -> 6000 | Q7: =R7+N7-P7 -> 0 | R7: 6000
A8: BETHWEL KIPKEMBOI | B8: 0005 | C8: B | D8: 3000 | E8: 19500 | F8: =E8 -> 19500 | G8: =H8+D8-F8 -> 3000 | H8: 19500 | I8: =G8 -> 3000 | J8: 15000 | K8: =J8 -> 15000 | L8: =M8+I8-K8 -> 0 | M8: 12000 | N8: =L8 -> 0 | P8: =O8 -> 0 | Q8: =R8+N8-P8 -> 6000 | R8: 6000
A9: IGNETIOUS KIPROTICH | B9: 0006 | C9: B | E9: 19500 | F9: =E9 -> 19500 | G9: =H9+D9-F9 -> 0 | H9: 19500 | I9: =G9 -> 0 | J9: =11000+1000 -> 12000 | K9: =J9 -> 12000 | L9: =M9+I9-K9 -> 0 | M9: 12000 | N9: =L9 -> 0 | P9: =O9 -> 0 | Q9: =R9+N9-P9 -> 6000 | R9: 6000
A10: HILDA JEPTANUI | B10: 0007 | C10: D | D10: 510 | E10: 14000 | F10: =E10 -> 14000 | G10: =H10+D10-F10 -> 2510 | H10: 16000 | I10: =G10 -> 2510 | J10: 5000 | K10: =J10 -> 5000 | L10: =M10+I10-K10 -> 7510 | M10: 10000 | N10: =L10 -> 7510 | O10: 3500 | P10: =O10 -> 3500 | Q10: =R10+N10-P10 -> 9010 | R10: 5000
A11: BRENDA JEPKORIR | B11: 0008 | C11: B | E11: 19500 | F11: =E11 -> 19500 | G11: =H11+D11-F11 -> 0 | H11: 19500 | I11: =G11 -> 0 | J11: 9000 | K11: =J11 -> 9000 | L11: =M11+I11-K11 -> 3000 | M11: 12000 | N11: =L11 -> 3000 | P11: =O11 -> 0 | Q11: =R11+N11-P11 -> 9000 | R11: 6000
A12: WINNIE JEBET | B12: 0009 | C12: D | D12: 20100 | E12: 15000 | F12: =E12 -> 15000 | G12: =H12+D12-F12 -> 21100 | H12: 16000 | I12: =G12 -> 21100 | J12: 2000 | K12: =J12 -> 2000 | L12: =M12+I12-K12 -> 29100 | M12: 10000 | N12: =L12 -> 29100 | P12: =O12 -> 0 | Q12: =R12+N12-P12 -> 34100 | R12: 5000
A13: FAITH JEPKOECH | B13: 0010 | C13: B | E13: 19500 | F13: =E13 -> 19500 | G13: =H13+D13-F13 -> 0 | H13: 19500 | I13: =G13 -> 0 | J13: 12000 | K13: =J13 -> 12000 | L13: =M13+I13-K13 -> 0 | M13: 12000 | N13: =L13 -> 0 | O13: 6000 | P13: =O13 -> 6000 | Q13: =R13+N13-P13 -> 0 | R13: 6000
A14: MITCHELLE JERUTO | B14: 0011 | C14: B | D14: 4500 | E14: 16500 | F14: =E14 -> 16500 | G14: =H14+D14-F14 -> 7500 | H14: 19500 | I14: =G14 -> 7500 | J14: 19000 | K14: =J14 -> 19000 | L14: =M14+I14-K14 -> 500 | M14: 12000 | N14: =L14 -> 500 | P14: =O14 -> 0 | Q14: =R14+N14-P14 -> 6500 | R14: 6000
A15: BRIAN KIPKEMBOI | B15: 0012 | C15: B | E15: 15500 | F15: =E15 -> 15500 | G15: =H15+D15-F15 -> 4000 | H15: 19500 | I15: =G15 -> 4000 | J15: =12500+1500 -> 14000 | K15: =J15 -> 14000 | L15: =M15+I15-K15 -> 2000 | M15: 12000 | N15: =L15 -> 2000 | O15: 3300 | P15: =O15 -> 3300 | Q15: =R15+N15-P15 -> 4700 | R15: 6000
A16: CYNTHIA KIPLAGAT | B16: 0013 | C16: B | E16: 13500 | F16: =E16 -> 13500 | G16: =H16+D16-F16 -> 6000 | H16: 19500 | I16: =G16 -> 6000 | J16: =2000+16000 -> 18000 | K16: =J16 -> 18000 | L16: =M16+I16-K16 -> 0 | M16: 12000 | N16: =L16 -> 0 | O16: 5500 | P16: =O16 -> 5500 | Q16: =R16+N16-P16 -> 500 | R16: 6000
A17: OBADIAH KIPTOO | B17: 0014 | C17: B | E17: 19500 | F17: =E17 -> 19500 | G17: =H17+D17-F17 -> 0 | H17: 19500 | I17: =G17 -> 0 | J17: =11200+800 -> 12000 | K17: =J17 -> 12000 | L17: =M17+I17-K17 -> 0 | M17: 12000 | N17: =L17 -> 0 | O17: =4000+500 -> 4500 | P17: =O17 -> 4500 | Q17: =R17+N17-P17 -> 1500 | R17: 6000
A18: MARLYNN CHERUTO | B18: 0015 | C18: B | D18: 1500 | E18: 21000 | F18: =E18 -> 21000 | G18: =H18+D18-F18 -> 0 | H18: 19500 | I18: =G18 -> 0 | J18: =10000+2000 -> 12000 | K18: =J18 -> 12000 | L18: =M18+I18-K18 -> 0 | M18: 12000 | N18: =L18 -> 0 | O18: =5000+1000 -> 6000 | P18: =O18 -> 6000 | Q18: =R18+N18-P18 -> 0 | R18: 6000
A19: TOTALS | D19: =SUM(D4:D18) -> 29610 | F19: =SUM(F4:F18) -> 266000 | G19: =SUM(G4:G18) -> 49110 | H19: =SUM(H4:H18) -> 285500 | I19: =SUM(I4:I18) -> 49110 | J19: =SUM(J4:J18) -> 183000 | K19: =SUM(K4:K18) -> 183000 | L19: =SUM(L4:L18) -> 42110 | M19: =SUM(M4:M18) -> 176000 | N19: =SUM(N4:N18) -> 42110 | P19: =SUM(P4:P18) -> 46800 | Q19: =SUM(Q4:Q18) -> 83310 | R19: =SUM(R4:R18) -> 88000

Sheet SUMMARY
D1: TERM 1 | H1: TERM 2 | L1: TERM 3 | O1: ANNUAL TOTALS
A2: GRADE | B2: B/F | C2: EXPECTED | D2: TOTAL PAID | E2: BALANCES | F2: B/F | G2: EXPECTED | H2: TOTAL PAID | I2: BALANCES | J2: B/F | K2: EXPECTED | L2: TOTAL PAID | M2: BALANCES | N2: EXPECTED | O2: TOTAL PAID | P2: BALANCES
A3: PLAYGROUP | B3: =PLAYGROUP!D48 -> 0 | C3: =PLAYGROUP!H48 -> 169100 | D3: =PLAYGROUP!F48 -> 115600 | E3: =PLAYGROUP!G48 -> 34250 | F3: =PLAYGROUP!I48 -> 34250 | G3: =PLAYGROUP!M48 -> 134800 | H3: =PLAYGROUP!K48 -> 128600 | I3: =PLAYGROUP!L48 -> 40450 | J3: =I3 -> 40450 | K3: =PLAYGROUP!R48 -> 84800 | L3: =PLAYGROUP!P48 -> 35500 | M3: =J3+K3-L3 -> 89750
A4: PP1 | B4: ='PP1'!D53 -> 15250 | C4: ='PP1'!H53 -> 386650 | D4: ='PP1'!F53 -> 289200 | E4: ='PP1'!G53 -> 82150 | F4: ='PP1'!I53 -> 82150 | G4: ='PP1'!M53 -> 182800 | H4: ='PP1'!K53 -> 180075 | I4: ='PP1'!L53 -> 84875 | J4: =I4 -> 84875 | K4: ='PP1'!R53 -> 90000 | L4: ='PP1'!P53 -> 28300 | M4: =J4+K4-L4 -> 146575
A5: PP2 | B5: ='PP2'!D54 -> 27800 | C5: ='PP2'!H54 -> 460750 | D5: ='PP2'!F54 -> 373550 | E5: ='PP2'!G54 -> 113000 | F5: ='PP2'!I54 -> 113000 | G5: ='PP2'!M54 -> 178000 | H5: ='PP2'!K54 -> 171800 | I5: ='PP2'!L54 -> 119200 | J5: =I5 -> 119200 | K5: ='PP2'!R54 -> 88200 | L5: ='PP2'!P54 -> 27150 | M5: =J5+K5-L5 -> 180250
A6: GRADE 1 | B6: ='GRADE 1'!D50 -> 30575 | C6: ='GRADE 1'!H50 -> 458650 | D6: ='GRADE 1'!F50 -> 361950 | E6: ='GRADE 1'!G50 -> 117125 | F6: ='GRADE 1'!I50 -> 117125 | G6: ='GRADE 1'!M50 -> 158000 | H6: ='GRADE 1'!K50 -> 175050 | I6: ='GRADE 1'!L50 -> 100075 | J6: =I6 -> 100075 | K6: ='GRADE 1'!R50 -> 82000 | L6: ='GRADE 1'!P50 -> 36850 | M6: =J6+K6-L6 -> 145225
A7: GRADE 2 | B7: ='GRADE 2'!D62 -> 9775 | C7: ='GRADE 2'!H62 -> 629050 | D7: ='GRADE 2'!F62 -> 541900 | E7: ='GRADE 2'!G62 -> 96925 | F7: ='GRADE 2'!I62 -> 96925 | G7: ='GRADE 2'!M62 -> 206800 | H7: ='GRADE 2'!K62 -> 228250 | I7: ='GRADE 2'!L62 -> 75475 | J7: =I7 -> 75475 | K7: ='GRADE 2'!R62 -> 107400 | L7: ='GRADE 2'!P62 -> 33100 | M7: =J7+K7-L7 -> 149775
A8: GRADE 3 | B8: ='GRADE 3'!D64 -> 23175 | C8: ='GRADE 3'!H64 -> 661250 | D8: ='GRADE 3'!F64 -> 445435 | E8: ='GRADE 3'!G64 -> 215990 | F8: ='GRADE 3'!I64 -> 215990 | G8: ='GRADE 3'!M64 -> 211800 | H8: ='GRADE 3'!K64 -> 228435 | I8: ='GRADE 3'!L64 -> 199355 | J8: =I8 -> 199355 | K8: ='GRADE 3'!R64 -> 100200 | L8: ='GRADE 3'!P64 -> 45450 | M8: =J8+K8-L8 -> 254105
A9: GRADE 4 | B9: ='GRADE 4'!D47 -> 16500 | C9: ='GRADE 4'!H47 -> 511500 | D9: ='GRADE 4'!F47 -> 490850 | E9: ='GRADE 4'!G47 -> 37150 | F9: ='GRADE 4'!I47 -> 37150 | G9: ='GRADE 4'!M47 -> 338250 | H9: ='GRADE 4'!K47 -> 283800 | I9: ='GRADE 4'!L47 -> 91600 | J9: =I9 -> 91600 | K9: ='GRADE 4'!R47 -> 95000 | L9: ='GRADE 4'!P47 -> 44850 | M9: =J9+K9-L9 -> 141750
A10: GRADE 5 | B10: ='GRADE 5'!D49 -> 36070 | C10: ='GRADE 5'!H49 -> 567150 | D10: ='GRADE 5'!F49 -> 453675 | E10: ='GRADE 5'!G49 -> 133045 | F10: ='GRADE 5'!I49 -> 133045 | G10: ='GRADE 5'!M49 -> 359950 | H10: ='GRADE 5'!K49 -> 368795 | I10: ='GRADE 5'!L49 -> 124200 | J10: =I10 -> 124200 | K10: ='GRADE 5'!R49 -> 126000 | L10: ='GRADE 5'!P49 -> 42370 | M10: =J10+K10-L10 -> 207830
A11: GRADE 6 | B11: ='GRADE 6'!D39 -> 69660 | C11: ='GRADE 6'!H39 -> 492600 | D11: ='GRADE 6'!F39 -> 489150 | E11: ='GRADE 6'!G39 -> 66110 | F11: ='GRADE 6'!I39 -> 66110 | G11: ='GRADE 6'!M39 -> 332450 | H11: ='GRADE 6'!K39 -> 303050 | I11: ='GRADE 6'!L39 -> 95510 | J11: =I11 -> 95510 | K11: ='GRADE 6'!R39 -> 151000 | L11: ='GRADE 6'!P39 -> 54500 | M11: =J11+K11-L11 -> 192010
A12: GRADE 7 | B12: ='GRADE 7'!D28 -> 48650 | C12: ='GRADE 7'!H28 -> 382650 | D12: ='GRADE 7'!F28 -> 284075 | E12: ='GRADE 7'!G28 -> 147225 | F12: ='GRADE 7'!I28 -> 147225 | G12: ='GRADE 7'!M28 -> 232950 | H12: ='GRADE 7'!K28 -> 251450 | I12: ='GRADE 7'!L28 -> 128725 | J12: =I12 -> 128725 | K12: ='GRADE 7'!R28 -> 121200 | L12: ='GRADE 7'!P28 -> 60500 | M12: =J12+K12-L12 -> 189425
A13: GRADE 8 | B13: ='GRADE 8'!D27 -> 27150 | C13: ='GRADE 8'!H27 -> 406000 | D13: ='GRADE 8'!F27 -> 407700 | E13: ='GRADE 8'!G27 -> 24950 | F13: ='GRADE 8'!I27 -> 24950 | G13: ='GRADE 8'!M27 -> 250000 | H13: ='GRADE 8'!K27 -> 281300 | I13: ='GRADE 8'!L27 -> 4150 | J13: =I13 -> 4150 | K13: ='GRADE 8'!R27 -> 132000 | L13: ='GRADE 8'!P27 -> 52000 | M13: =J13+K13-L13 -> 84150
A14: GRADE 9 | B14: ='GRADE 9'!D19 -> 29610 | C14: ='GRADE 9'!H19 -> 285500 | D14: ='GRADE 9'!F19 -> 266000 | E14: ='GRADE 9'!G19 -> 49110 | F14: ='GRADE 9'!I19 -> 49110 | G14: ='GRADE 9'!M19 -> 176000 | H14: ='GRADE 9'!K19 -> 183000 | I14: ='GRADE 9'!L19 -> 42110 | J14: =I14 -> 42110 | K14: ='GRADE 9'!R19 -> 88000 | L14: ='GRADE 9'!P19 -> 46800 | M14: =J14+K14-L14 -> 83310
A15: TOTAL | B15: =SUM(B3:B14) -> 334215 | C15: =SUM(C3:C14) -> 5410850 | D15: =SUM(D3:D14) -> 4519085 | E15: =SUM(E3:E14) -> 1117030 | F15: =SUM(F3:F14) -> 1117030 | G15: =SUM(G3:G14) -> 2761800 | H15: =SUM(H3:H14) -> 2783605 | I15: =SUM(I3:I14) -> 1105725 | ... L15: =SUM(L3:L14) -> 507370 | M15: =J15+K15-L15 -> 1864155
